destination,wheelchair_access,stroller_access,accessible_toilets,parking_distance,steep_sections,step_free_route,confidence,source
Alcalá del Júcar,Unknown,Unknown,Unknown,Unknown,Unknown,Unknown,15,"No destination-specific official accessibility information identified; https://www.alcaladeljucar.net/"
Alcázar de Segovia,"Partial: palace and Artillery Museum accessible by ramps; Juan II Tower is not accessible (152 steps)",Unknown,"Yes: adapted toilet at Casa de la Química, opposite ticket booths","Two municipal accessible bays at entrance plaza; other parking distance not established",Yes,"Partial: ramp-accessible palace and museum; tower excluded",98,"https://www.alcazardesegovia.com/"
Aracena,"Unknown: cave route accessibility not established; municipal source cautions that cave conditions may affect visitors with walking difficulties",Unknown,Unknown,"Unknown; street improvements near cave do not establish parking proximity",Yes,"Unknown for cave route; nearby San José street access was improved",65,"https://www.aracena.es/es/municipio/puntos-de-interes/gruta.html ; https://www.aracena.es/es/ayuntamiento/sala-de-prensa/noticia-en-detalle/Listas-las-obras-de-remodelacion-integral-de-la-calle-San-Jose-junto-a-la-Gruta/"
Baelo Claudia,"Partial: accessible visitor facilities/parking are documented; accessible route across the archaeological site is not confirmed",Unknown,Unknown,"On-site car park; two reserved spaces for reduced mobility",Yes,"Partial/unknown across the outdoor ruins; site includes uneven historic paving and level changes",75,"https://www.museosdeandalucia.es/web/conjuntoarqueologicobaeloclaudia/servicios-e-instalaciones ; https://www.museosdeandalucia.es/web/conjuntoarqueologicobaeloclaudia/propuestas-de-recorrido ; https://www.juntadeandalucia.es/organismos/culturapatrimoniohistoricoydeporte/servicios/actualidad/noticias/detalle/664135.html"
Bellver Slot,"Partial: Palma visitor guide describes lift and accessible museum route, with steps/level changes in some areas",Unknown,"Yes: accessible toilet marked in official Palma accessibility guide",Unknown,Yes,"Partial: lift/ramp access serves some areas; not all spaces are step-free",80,"https://www.visitpalma.com/en/files/doc38/ruta-cala-major-en.pdf ; https://www.visitpalma.com/en/dir/bellver-castle-the-best-views-of-palma/"
Cares,"No: official route is a narrow, exposed mountain trail and is classified very difficult",Unknown,Unknown,Unknown,Yes,"No: official route description is a mountain trail with uneven/exposed sections",92,"https://www.turismoasturias.es/senderismo/rutas/montaneros/ruta-del-cares"
Columpio de Riaño,Unknown,Unknown,Unknown,Unknown,Unknown,Unknown,10,"Official municipal visitor map identifies the site but provides no accessibility details: https://www.aytoriano.es/export/sites/aytoriano/galerias/descargas/turismo/mapa_completo_web.pdf"
CONIL DE LA FRONTERA,"Varies by beach: Los Bateles has accessible beach facilities; other access points vary and some include stairs",Unknown,Unknown,"Varies by beach; exact walking distances to access points not published",Yes,"Varies by beach; ramps/boardwalks at some beaches, stairs at others",75,"https://www.conildelafrontera.es/areas-y-servicios-municipales/turismo/987-playas-y-calas"
Cueva de los Arcos,Unknown,Unknown,Unknown,Unknown,Unknown,Unknown,0,"Unresolved place identity; no reliable official accessibility source can be assigned"
Duna de Bolonia,Unknown,Unknown,Unknown,Unknown,Unknown,Unknown,45,"Official trail page and current partial-closure notice do not specify accessibility: https://www.juntadeandalucia.es/medioambiente/portal/en/web/ventanadelvisitante/detalle-buscador-mapa/-/asset_publisher/Jlbxh2qB3NwR/content/duna-de-bolonia ; https://www.juntadeandalucia.es/medioambiente/portal/en/web/ventanadelvisitante/avisos-detalle/-/asset_publisher/9BhyJCdf7sUa/content/cierre-parcial-del-sendero-duna-de-bolonia/255035"
Estany de Sant Maurici,"Partial: park documents wheelchair-suitable adapted paths near the lake; this does not establish access along the full lake trail",Unknown,"Yes: adapted toilets at park entrance information points and adapted facilities at lake shelters","Prat de Pierró access parking; lake approach is a walking route, with exact accessible-route distance not established",Unknown,"Partial: designated adapted paths/passarelles; full route is not established as step-free",90,"https://parcsnaturals.gencat.cat/es/xarxa-de-parcs/aiguestortes/gaudeix-del-parc/guia-de-visita/itineraris/ ; https://parcsnaturals.gencat.cat/ca/xarxa-de-parcs/aiguestortes/preguntes-frequents/ ; https://parcsnaturals.gencat.cat/es/xarxa-de-parcs/aiguestortes/gaudeix-del-parc/equipaments/"
Frigiliana,"Partial: historic centre has stair streets; a continuous accessible route is not established",Unknown,Unknown,Unknown,Yes,"No for the documented route through the upper historic centre; alternative step-free route unknown",75,"https://www.turismofrigiliana.es/es/el-fuerte.html ; https://www.turismofrigiliana.es/en/walking-routes.html"
Gaztelugatxeko Doniene,"No: official authority advises against the hermitage visit for people with certain mobility disabilities due to steep slopes and ground conditions",No,"Unknown: toilets are listed at access checkpoints; accessible specification not given","Car parks serve the access points; distance from parking to route not specified",Yes,"No: 35% access slope and 241 steps to the hermitage",98,"https://www.bizkaia.eus/es/gaztelugatxe"
La Vall d'Uixó,"Yes, with conditions: an adapted boat visit is offered for wheelchair users; contact/needs form required in advance",Unknown,Unknown,"On-site parking; distance to accessible entrance not specified",Unknown,Unknown,90,"https://covesdesantjosep.es/visita-adaptada/ ; https://covesdesantjosep.es/preguntas-frecuentes/"
Los Caños de Meca,Unknown,Unknown,Unknown,Unknown,Unknown,Unknown,20,"Official destination and beach pages found do not establish specific accessibility provision: https://www.cadiz-turismo.com/canosdemeca ; https://www.cadiz-turismo.com/playas/barbate/playadeloscanosdemeca"
Marbella Old Town,"Partial: official accessible-tourism route is passable, but includes steep sections; source advises returning by the same route to avoid a steeper descent",Partial,"No public toilet identified on the documented route (official route assessment)","Accessible parking spaces reported nearby; exact distance not stated",Yes,"Partial: route largely level/gentle but has steeper sections; no continuous step-free guarantee",75,"https://www.juntadeandalucia.es/turismoydeporte/ctrjal/destinosturisticosaccesibles/es/malaga/ruta-turistica-por-el-casco-antiguo-de-marbella"
Mercado de Atarazanas,Unknown,Unknown,Unknown,Unknown,Unknown,Unknown,20,"Official municipal market listing does not provide accessibility details: https://www.malaga.eu/la-ciudad/instalaciones-y-espacios/detalle-de-la-instalacion/?id=160"
Miradouro da Serpente do Medal,Unknown,Unknown,Unknown,Unknown,Unknown,Unknown,0,"Place identity and visitor access details are not established by a suitable official visitor source"
Morro de l'Abella,Unknown,Unknown,Unknown,Unknown,Unknown,Unknown,40,"Tavertet municipality identifies the site as closed/private; accessibility characteristics are not established: https://www.tavertet.cat/turisme/llocs-dinteres/el-morro-de-labella.html"
Olvera Castle,Unknown,Unknown,Unknown,Unknown,Unknown,Unknown,25,"Official tourism page provides visitor information but no accessibility specifications: https://www.turismolvera.es/que-visitar/castillo-arabe"
Palmeral de Las Sorpresas,Unknown,Unknown,Unknown,"Two underground car parks in the adjoining port area; walking distance to the promenade not specified",Unknown,Unknown,45,"https://www.puertomalaga.com/es/puerto-ciudad/ ; https://www.puertomalaga.com/es/accesos/"
PASARELA DE RELLEU,Unknown,Unknown,Unknown,Unknown,Unknown,Unknown,35,"Official route information describes the walkway but does not establish accessibility features: https://pasareladerelleu.es/index.php?lang=1&opc=2"
Playa la Malagueta,"Partial: municipal accessible bathing point provides ramp/boardwalk access and assisted bathing; beach sand beyond the adapted area may limit movement",Partial,"Yes: accessible toilet/changing facilities at the seasonal accessible beach service", "Accessible parking is listed near the beach; exact distance to the adapted access point not stated",Unknown,"Partial: ramp and boardwalk serve the adapted bathing area; not a step-free route over all sand",95,"https://www.malaga.eu/identidad/detalle-de-la-noticia/Disfruta-la-Playa-2026 ; https://www.malaga.eu/export/sites/malagaeu/la-ciudad/playas/.galleries/Documentos-Playas/Revista-Disfruta-la-Playa-2025.pdf"
Roca Foradada,Unknown,Unknown,Unknown,Unknown,Unknown,Unknown,0,"Unresolved place identity; no reliable official accessibility source can be assigned"
Ronda,"Partial: official accessible-tourism route includes steeper sections and irregular paving",Unknown,"No public toilet identified on the documented route (official route assessment)","No accessible parking spaces reported along the route; nearby distance unknown",Yes,"Partial: some route sections are level/passable, but steep and irregular sections remain",70,"https://www.juntadeandalucia.es/ctrjal/destinosturisticosaccesibles/es/node/275"
Salt de la Coromina,Unknown,Unknown,Unknown,Unknown,Unknown,Unknown,0,"Unresolved place identity; no reliable official accessibility source can be assigned"
Salt de Sallent,Unknown,Unknown,Unknown,Unknown,Unknown,Unknown,35,"Municipal route information describes the footpath but gives no accessibility specification: https://www.rupitpruit.cat/turisme/que-fer/rutes-a-peu/2-itinerari-del-salt-del-sallent.html"
Selwo Aventura,"Partial: accessible route options are available, but official guidance warns of steep slopes that may require wheelchair assistance",Unknown,"Yes: accessible toilets are listed in visitor services", "Visitor parking is on site; distance from parking to accessible entrance not specified",Yes,"Partial: barrier-free alternatives exist, but steep natural terrain remains",90,"https://www.selwo.es/en/descubre-selwo-aventura/servicios ; https://www.selwo.es/descubre-selwo-aventura/mapa-de-selwo"
Zahara de la Sierra,Unknown,Unknown,Unknown,Unknown,Unknown,Unknown,20,"Municipal tourism and mobility sources do not provide destination-wide accessibility details: https://www.zaharadelasierra.es/turismo-zahara ; https://www.zaharadelasierra.es/images/20210311_PLAN_DE_MOVILIDAD_URBANA_SOSTENIBLE_DE_ZAHARA_DE_LA_SIERRA_2021_compressed.pdf"
Zumaia,"Varies by access point; official tourism material identifies accessible facilities at Itzurun beach, but town-wide wheelchair access is not established",Unknown,"Unknown for town-wide facilities; beach-specific toilets need on-site confirmation","Beach-specific parking is listed; town-wide parking distance unknown",Unknown,Unknown,45,"https://turismo.euskadi.eus/es/localidades/zumaia/webtur00-content/es/ ; https://turismo.euskadi.eus/contenidos/recurso_tecnico/aa30_folletos/es_def/folletos/2015/costa_CAS.pdf"
