destination,reservation_required,seasonal_closure,age_restrictions,advance_booking_recommended,opening_hours_available,confidence,source
Alcalá del Júcar,No general reservation stated; ticket required for castle,Castle closed Jan 1; Jan 6; Dec 25,None stated; children under 8 free at castle,Not stated,Yes (castle; seasonal hours),80,https://castilloalcaladeljucar.es/entradas/ ; https://www.turismocastillalamancha.es/es/cultura-y-patrimonio/castillos/albacete/castillo-de-alcal--del-j-car
Alcázar de Segovia,No for ordinary visit; admission ticket required,Seasonal hours; closed Dec 25,None stated; under-6 ticket policy applies,Yes; official site advises buying well in advance,Yes,95,https://www.alcazardesegovia.com/ ; https://entradas.alcazardesegovia.com/es/1675-web-abonos
Aracena,For Gruta de las Maravillas: advance ticket recommended; covers cave visit,Closed Dec 24-25; Dec 31; Jan 1 and Jan 6,None stated,Yes; limited daily capacity,Yes (Gruta de las Maravillas; not town-wide),90,https://www.aracena.es/es/municipio/gruta/
Baelo Claudia,No for individual visits; groups of 10 or more require reservation,Closed Mondays except public holidays; published annual closure dates apply,None stated,No for individuals; yes for groups of 10+,Yes (seasonal schedule),95,https://www.bibliotecasdeandalucia.es/web/conjuntoarqueologicobaeloclaudia/informacion-general
Bellver Slot,Unknown,Seasonal hours; closed Mondays and listed public holidays,None stated,Unknown,Yes,70,https://www.visitpalma.com/en/dir/bellver-castle-the-best-views-of-palma/
Cares,No permit stated for the trail itself; access currently closed due to rockfall,Currently closed pending safety works/official reopening; this is not a recurring seasonal closure,No formal minimum stated; official route guidance recommends age 12+,Advance booking recommended for regulated transport dates; not a trail reservation,No fixed visiting hours,95,https://www.turismoasturias.es/senderismo/rutas/montaneros/ruta-del-cares
Columpio de Riaño,No booking requirement published,No seasonal closure information published,No age rule published,Not stated,No hours published,60,https://www.aytoriano.es/turismo-y-ocio/ ; https://www.mriano.com/en/node/21305
CONIL DE LA FRONTERA,No for public beaches/town,Beach services are seasonal; beach access is not stated to close seasonally,None stated,No for public beach access,No fixed hours for town/beaches,75,https://www.conildelafrontera.es/areas-y-servicios-municipales/turismo/987-playas-y-calas ; https://www.conildelafrontera.es/ordenanzas?download=25%3Auso-y-aprovechamiento-de-playas&start=20
Cueva de los Arcos,Unknown,Unknown,Unknown,Unknown,Unknown,0,No authoritative identity or access source established
Duna de Bolonia,No permit or reservation required for public trail access,Part of the access trail currently closed (official notice dated 22 Sep 2026); check current notice,None stated,No,No fixed hours,90,https://www.juntadeandalucia.es/medioambiente/portal/en/web/ventanadelvisitante/avisos-detalle/-/asset_publisher/9BhyJCdf7sUa/content/cierre-parcial-del-sendero-duna-de-bolonia/255035 ; https://www.juntadeandalucia.es/medioambiente/portal/documents/20151/970015b9-a138-8d17-6b86-7b2cebad3964
Estany de Sant Maurici,Unknown for the destination itself; transport/access arrangements may apply,Access and facilities vary by season and current park access notices,None stated,Unknown,No fixed hours for the lake; access conditions vary,45,https://parcsnaturals.gencat.cat/en/xarxa-de-parcs/aiguestortes/inici/index.html ; https://parcsnaturals.gencat.cat/web/.content/Xarxa-de-parcs/aiguestortes/gaudeix-del-parc/guia-de-visita/Propostes-itineraris-per-dies/Pdf/itineraris_valls_aneu_en11.pdf
Frigiliana,No for public village streets,No village-wide seasonal closure,None stated,No for public village visit,No village-wide visiting hours,65,https://www.turismofrigiliana.es/en/overview.html ; https://www.turismofrigiliana.es/en/walking-routes.html
Gaztelugatxeko Doniene,Conditional: free timed ticket required on controlled dates; otherwise free access,Conditional access calendar and exceptional date closures; check official calendar,None stated; route includes a steep stairway,Yes on controlled dates (booking is required then),Yes (official access calendar),99,https://www.bizkaia.eus/es/gaztelugatxe ; https://www.bizkaia.eus/es/web/comunicacion/noticias/-/news/detailView/la-diputacion-foral-de-bizkaia-y-los-ayuntamientos-de-bakio-y-bermeo-coordinan-un-dispositivo-especial-en-gaztelugatxe-por-el-eclipse
La Vall d'Uixó,For Coves de Sant Josep: ticket required,No routine seasonal closure stated; special visit calendar may vary,None; visitors under 13 must be accompanied by an adult,Yes; limited capacity and timed visits,Yes,95,https://covesdesantjosep.es/tarifas-y-horarios/ ; https://covesdesantjosep.es/preguntas-frecuentes/
Los Caños de Meca,No for public beach access,Beach services are seasonal; no seasonal closure for general public access stated,None stated for public beach access,No,No fixed public visiting hours,65,https://www.cadiz-turismo.com/canosdemeca ; https://www.cadiz-turismo.com/playas/barbate/playadeloscanosdemeca
Marbella Old Town,No for public streets,No town-centre seasonal closure stated,None stated,No for general visit; individual attractions may differ,No town-wide opening hours,70,https://www.juntadeandalucia.es/turismoydeporte/ctrjal/destinosturisticosaccesibles/es/malaga/ruta-turistica-por-el-casco-antiguo-de-marbella ; https://ayuntamiento.marbella.es/documentos/cartas-de-servicios-municipales/5134-carta-de-servicio-de-las-oficinas-de-turismo.html
Mercado de Atarazanas,No reservation stated for market entry,"Closed Sundays and public holidays (weekly/holiday closure, not seasonal)",None stated,No,Yes: Monday-Saturday 08:00-15:00,95,https://www.malaga.eu/la-ciudad/instalaciones-y-espacios/detalle-de-la-instalacion/?id=160
Miradouro da Serpente do Medal,Unknown,Unknown,Unknown,Unknown,Unknown,15,https://www.mogadouro.pt/cmmogadouro/uploads/document/file/2783/ata_no16___10_09_2024.pdf ; https://www.mogadouro.pt/cmmogadouro/uploads/document/file/3001/demonstracoes_financeiras.pdf
Morro de l'Abella,Currently closed according to Tavertet municipality; do not plan a visit,Currently closed; no reopening date established,Unknown,Unknown,Unknown while closed,90,https://www.tavertet.cat/turisme/llocs-dinteres/el-morro-de-labella.html ; https://patrimonicultural.diba.cat/index.php/element/morro-de-labella
Olvera Castle,No reservation requirement stated; admission ticket applies,Seasonal opening hours; no specific seasonal closure dates stated,None stated,Not stated,Yes,85,https://www.turismoolvera.es/que-visitar/castillo-arabe ; https://www.turismoolvera.es/informacion
Palmeral de Las Sorpresas,No for public pedestrian access; permits apply to organized activities/events,No seasonal closure stated,None stated,No for ordinary visit,No public opening hours located,80,https://www.puertomalaga.com/es/accesos/ ; https://www.puertomalaga.com/es/solicitudes-dominio-publico/
PASARELA DE RELLEU,Yes: timed admission ticket required,No seasonal closure stated; opening calendar/hours may change,None; children under 5 are not recommended but may visit with adult,Yes; reserve a timed slot,Yes: published daily schedule,95,https://www.pasareladerelleu.es/index.php?lang=1&opc=2
Playa la Malagueta,No for general public beach access,Beach services and lifeguard provision are seasonal; beach itself not stated to close,None stated,No; appointment only for assisted-bathing service,No fixed beach visiting hours,90,https://www.malaga.eu/la-ciudad/playas/la-malagueta/ ; https://www.malaga.eu/identidad/detalle-de-la-noticia/Disfruta-la-Playa-2026
Roca Foradada,Unknown,Unknown,Unknown,Unknown,Unknown,0,No authoritative identity or access source established
Ronda,No for entering town; tickets/reservations may apply to individual monuments and guided activities,No town-wide seasonal closure,None stated for town,Recommended/required for some guided visits and ticketed activities,No town-wide visiting hours,75,https://info.turismoderonda.es/ ; https://info.turismoderonda.es/patrimonio-cultural/bonos-visitas-a-monumentos/
Salt de la Coromina,Unknown,Unknown,Unknown,Unknown,Unknown,0,No authoritative identity or access source established
Salt de Sallent,No booking requirement published for public walking route,No seasonal closure stated; trail conditions may vary,No age restriction published,No,No fixed route opening hours,75,https://www.rupitpruit.cat/turisme/que-fer/rutes-a-peu/2-itinerari-del-salt-del-sallent.html ; https://www.rupitpruit.cat/actualitat/noticies/restablert-lacces-al-salt-de-sallent.html
Selwo Aventura,No for standard admission; ticket required; some special experiences require advance booking,Operating calendar is seasonal and can change; check official calendar,General entry has age-based ticket bands; no general minimum age stated,Yes for online discounts; required well ahead for certain special experiences,Yes: published calendar,95,https://www.selwo.es/horarios-y-precios/precios ; https://www.selwo.es/horarios-y-precios/horarios
Zahara de la Sierra,No for general town visit; individual attractions may differ,No town-wide seasonal closure stated,None stated,No for general town visit,No town-wide opening hours,55,https://www.zaharadelasierra.es/turismo-zahara
Zumaia,No for public town visit; guided activities/boat trips may require booking,No town-wide seasonal closure,None stated,Recommended for guided excursions and boat trips; not required for town visit,No town-wide opening hours,70,https://turismo.euskadi.eus/es/localidades/zumaia/webtur00-content/es/ ; https://turismo.euskadi.eus/en/tourist-offices/zumaia-tourist-office/webtur00-content/en/
