tag,description
geology,"Landforms, rock formations, gorges, dunes, or geological heritage."
dramatic-coastline,"Coastal scenery, cliffs, coves, or exposed shoreline."
beach-and-bathing,A beach or coastal bathing destination.
mountain-lakes,Highland or mountain lake scenery.
viewpoints,"A viewpoint, overlook, or elevated scenic stop."
white-villages-and-towns,Historic or distinctive towns and villages.
historic-fortifications,"Castles, fortified sites, and defensive heritage."
archaeology-and-heritage,Archaeological sites and historic monuments.
hiking-and-trails,"A named walk, route, or hiking area."
waterfalls-and-cascades,"Waterfalls, cascades, and plunge-pool features."
rivers-and-gorges,"Rivers, ravines, and river corridors."
caves-and-underground,"Caves, caverns, and underground formations."
protected-nature,Protected natural areas and distinctive natural habitats.
urban-waterfront,"Promenades, harbours, or waterfront public spaces."
markets-and-local-life,Markets and everyday local urban experiences.
unusual-engineering,Distinctive built structures or engineered visitor experiences.
family-attractions,Purpose-built attractions or activity-led visits.
island-and-mountain-landscapes,Large-scale island or mountain landscape destinations.
