destination,collection_tags,confidence,missing_information,classification_basis
Zumaia,dramatic-coastline; geology; white-villages-and-towns,medium,"Exact scope (town versus coast/geopark), visitor point, routes, access, and owner intent.","Name and visible Maps listing type from owner-supplied capture; classification only, not a verified visitor claim."
Morro de l'Abella,viewpoints; geology; protected-nature,medium,"Exact access point and route, land access, safety restrictions, mobility, and seasonal closures.","Name and visible Maps listing type from owner-supplied capture; classification only, not a verified visitor claim."
Salt de Sallent,waterfalls-and-cascades; hiking-and-trails; protected-nature,medium,"Confirm which waterfall/site, route length and difficulty, current access, and seasonal conditions.","Name and visible Maps listing type from owner-supplied capture; classification only, not a verified visitor claim."
Roca Foradada,geology; viewpoints,low,"Name is ambiguous; exact place, locality, visitor point, and access need confirmation.","Name and visible Maps listing type from owner-supplied capture; classification only, not a verified visitor claim."
Salt de la Coromina,waterfalls-and-cascades; hiking-and-trails,low,"Exact identity and route, access rights, water/season conditions, and difficulty.","Name and visible Maps listing type from owner-supplied capture; classification only, not a verified visitor claim."
Estany de Sant Maurici,mountain-lakes; protected-nature; hiking-and-trails,high,"Current access/transport rules, chosen trail, seasonal restrictions, accessibility, and facilities.","Name and visible Maps listing type from owner-supplied capture; classification only, not a verified visitor claim."
Cueva de los Arcos,caves-and-underground; geology,low,"Exact cave identity and location, whether public access is permitted, route/safety and booking.","Name and visible Maps listing type from owner-supplied capture; classification only, not a verified visitor claim."
Mercado de Atarazanas,markets-and-local-life; archaeology-and-heritage,high,"Current hours, market days, facilities, access details, and holiday schedule.","Name and visible Maps listing type from owner-supplied capture; classification only, not a verified visitor claim."
Palmeral de Las Sorpresas,urban-waterfront; viewpoints,high,"Exact route segment, current facilities, accessible route, and useful visit duration.","Name and visible Maps listing type from owner-supplied capture; classification only, not a verified visitor claim."
Playa la Malagueta,beach-and-bathing; urban-waterfront,high,"Current bathing/water information, seasonal services, access, facilities, and any restrictions.","Name and visible Maps listing type from owner-supplied capture; classification only, not a verified visitor claim."
Miradouro da Serpente do Medal,viewpoints; geology,low,Exact viewpoint identity and access; country/listing mismatch and visitor conditions.,"Name and visible Maps listing type from owner-supplied capture; classification only, not a verified visitor claim."
Columpio de Riaño,viewpoints; mountain-lakes; unusual-engineering,medium,"Exact swing/pin, access rules, safety/weight limits, operating status, and nearby parking.","Name and visible Maps listing type from owner-supplied capture; classification only, not a verified visitor claim."
Gaztelugatxeko Doniene,dramatic-coastline; hiking-and-trails; archaeology-and-heritage; viewpoints,high,"Current timed-entry rules, closures, route conditions, accessibility, and weather restrictions.","Name and visible Maps listing type from owner-supplied capture; classification only, not a verified visitor claim."
Alcalá del Júcar,white-villages-and-towns; geology; historic-fortifications; viewpoints,high,"Confirm intended scope, specific attractions, opening dates, access/steps, and current costs.","Name and visible Maps listing type from owner-supplied capture; classification only, not a verified visitor claim."
Cares,rivers-and-gorges; hiking-and-trails; protected-nature,low,"Resolve whether saved item means river or Ruta del Cares; exact point, route status, and access.","Name and visible Maps listing type from owner-supplied capture; classification only, not a verified visitor claim."
La Vall d'Uixó,caves-and-underground; white-villages-and-towns,low,"Confirm whether town or Coves de Sant Josep is intended; visitor point, booking, hours, prices.","Name and visible Maps listing type from owner-supplied capture; classification only, not a verified visitor claim."
CONIL DE LA FRONTERA,dramatic-coastline; beach-and-bathing; white-villages-and-towns,low,Resolve listing type conflict (town versus apartment complex); intended visitor scope and pin.,"Name and visible Maps listing type from owner-supplied capture; classification only, not a verified visitor claim."
Los Caños de Meca,dramatic-coastline; beach-and-bathing; protected-nature,medium,"Exact beach segment, naturist zones, protected-area rules, seasonal services, and bathing conditions.","Name and visible Maps listing type from owner-supplied capture; classification only, not a verified visitor claim."
Aracena,white-villages-and-towns; caves-and-underground; historic-fortifications,medium,Choose intended town/attraction scope; current opening and booking details for specific sights.,"Name and visible Maps listing type from owner-supplied capture; classification only, not a verified visitor claim."
PASARELA DE RELLEU,unusual-engineering; hiking-and-trails; viewpoints,high,"Current booking/entry conditions, route restrictions, weather closures, and accessibility.","Name and visible Maps listing type from owner-supplied capture; classification only, not a verified visitor claim."
Baelo Claudia,archaeology-and-heritage; dramatic-coastline; protected-nature,high,"Current opening, admission, visitor route/accessibility, facilities, and closure notices.","Name and visible Maps listing type from owner-supplied capture; classification only, not a verified visitor claim."
Duna de Bolonia,geology; beach-and-bathing; protected-nature; viewpoints,high,"Protected-site access rules, dune restrictions, climb route, seasonal services, and parking.","Name and visible Maps listing type from owner-supplied capture; classification only, not a verified visitor claim."
Olvera Castle,historic-fortifications; white-villages-and-towns; viewpoints,medium,"Confirm official venue identity, hours, admission, access/stairs, and town approach.","Name and visible Maps listing type from owner-supplied capture; classification only, not a verified visitor claim."
Bellver Slot,historic-fortifications; viewpoints; archaeology-and-heritage,high,"Correct listing/name, visitor point, current hours/admission, accessible route, and facilities.","Name and visible Maps listing type from owner-supplied capture; classification only, not a verified visitor claim."
Alcázar de Segovia,historic-fortifications; archaeology-and-heritage; viewpoints,high,"Current ticket/timed-entry rules, opening hours, route/accessibility, and visitor facilities.","Name and visible Maps listing type from owner-supplied capture; classification only, not a verified visitor claim."
