destination,children_score,teen_score,adult_score,senior_score,energy_level,duration,drive_time_from_casa,season,weather_dependency,estimate_notes
Alcalá del Júcar,3,5,5,3,medium,full-day,4–5 h,spring; summer; autumn,medium,drive_time_from_casa: rough editorial range; not route-checked; weather_dependency: editorial estimate
Alcázar de Segovia,2,5,5,1,medium,overnight,5.5–6.5 h,all-year,medium,drive_time_from_casa: rough editorial range; not route-checked; weather_dependency: editorial estimate
Aracena,3,5,5,3,medium,full-day,3–3.5 h,all-year,low,drive_time_from_casa: rough editorial range; not route-checked; weather_dependency: editorial estimate
Baelo Claudia,2,5,5,3,medium,full-day,2.5–3 h,spring; summer; autumn,high,drive_time_from_casa: rough editorial range; not route-checked; weather_dependency: editorial estimate
Bellver Slot,2,5,5,3,medium,overnight,No direct drive; island trip via ferry/flight,all-year,medium,drive_time_from_casa: rough editorial range; not route-checked; weather_dependency: editorial estimate
Cares,2,2,2,2,high,overnight,8.5–10 h,spring; summer; autumn,high,children_score: editorial estimate; identity/audience evidence is missing; teenagers_score: editorial estimate; source score was unknown; adults_score: editorial estimate; source score was unknown; seniors_score: editorial estimate; source score was unknown; children_score uses available audience ratings; missing ratings estimated conservatively; energy_level: editorial estimate; season: editorial estimate; duration: editorial estimate; drive_time_from_casa: rough editorial range; not route-checked; weather_dependency: editorial estimate
Columpio de Riaño,2,5,5,1,medium,overnight,8.5–9.5 h,spring; summer; autumn,high,drive_time_from_casa: rough editorial range; not route-checked; weather_dependency: editorial estimate
CONIL DE LA FRONTERA,2,2,2,2,low,full-day,2.5–3 h,spring; summer; autumn,high,children_score: editorial estimate; identity/audience evidence is missing; teenagers_score: editorial estimate; source score was unknown; adults_score: editorial estimate; source score was unknown; seniors_score: editorial estimate; source score was unknown; children_score uses available audience ratings; missing ratings estimated conservatively; energy_level: editorial estimate; season: editorial estimate; duration: editorial estimate; drive_time_from_casa: rough editorial range; not route-checked; weather_dependency: editorial estimate
Cueva de los Arcos,2,2,2,2,medium,half-day,Unknown; identity unresolved,spring; summer; autumn,high,children_score: editorial estimate; identity/audience evidence is missing; teenagers_score: editorial estimate; source score was unknown; adults_score: editorial estimate; source score was unknown; seniors_score: editorial estimate; source score was unknown; children_score uses available audience ratings; missing ratings estimated conservatively; energy_level: editorial estimate; season: editorial estimate; duration: editorial estimate; drive_time_from_casa: rough editorial range; not route-checked; weather_dependency: editorial estimate
Duna de Bolonia,2,5,5,1,medium,full-day,2.5–3 h,spring; summer; autumn,high,drive_time_from_casa: rough editorial range; not route-checked; weather_dependency: editorial estimate
Estany de Sant Maurici,2,5,5,1,high,half-day,10.5–12 h,spring; summer; autumn; winter,high,drive_time_from_casa: rough editorial range; not route-checked; weather_dependency: editorial estimate
Frigiliana,4,5,5,1,high,half-day,1.25–1.5 h,spring; summer; autumn; winter,medium,duration: editorial estimate; drive_time_from_casa: rough editorial range; not route-checked; weather_dependency: editorial estimate
Gaztelugatxeko Doniene,1,3,5,1,high,overnight,9–10 h,spring; summer; autumn,high,drive_time_from_casa: rough editorial range; not route-checked; weather_dependency: editorial estimate
La Vall d'Uixó,3,5,5,3,low,half-day,6.5–7.5 h,all-year,low,drive_time_from_casa: rough editorial range; not route-checked; weather_dependency: editorial estimate
Los Caños de Meca,2,5,5,3,medium,full-day,2.5–3 h,spring; summer; autumn,high,drive_time_from_casa: rough editorial range; not route-checked; weather_dependency: editorial estimate
Marbella Old Town,4,5,5,3,medium,half-day,30–40 min,spring; summer; autumn; winter,medium,duration: editorial estimate; drive_time_from_casa: rough editorial range; not route-checked; weather_dependency: editorial estimate
Mercado de Atarazanas,2,3,5,3,low,half-day,25–40 min,all-year,low,drive_time_from_casa: rough editorial range; not route-checked; weather_dependency: editorial estimate
Miradouro da Serpente do Medal,2,2,2,2,medium,overnight,8–10 h,spring; summer; autumn,high,children_score: editorial estimate; identity/audience evidence is missing; teenagers_score: editorial estimate; source score was unknown; adults_score: editorial estimate; source score was unknown; seniors_score: editorial estimate; source score was unknown; children_score uses available audience ratings; missing ratings estimated conservatively; energy_level: editorial estimate; season: editorial estimate; duration: editorial estimate; drive_time_from_casa: rough editorial range; not route-checked; weather_dependency: editorial estimate
Morro de l'Abella,2,2,2,2,high,overnight,9–10 h,spring; summer; autumn,high,children_score: editorial estimate; identity/audience evidence is missing; teenagers_score: editorial estimate; source score was unknown; adults_score: editorial estimate; source score was unknown; seniors_score: editorial estimate; source score was unknown; children_score uses available audience ratings; missing ratings estimated conservatively; drive_time_from_casa: rough editorial range; not route-checked; weather_dependency: editorial estimate
Olvera Castle,2,5,5,1,medium,full-day,1.75–2.25 h,all-year,medium,drive_time_from_casa: rough editorial range; not route-checked; weather_dependency: editorial estimate
Palmeral de Las Sorpresas,5,3,5,5,low,half-day,25–40 min,all-year,medium,drive_time_from_casa: rough editorial range; not route-checked; weather_dependency: editorial estimate
PASARELA DE RELLEU,1,5,5,1,high,overnight,5.5–6.5 h,spring; autumn; winter,high,drive_time_from_casa: rough editorial range; not route-checked; weather_dependency: editorial estimate
Playa la Malagueta,5,5,5,3,low,half-day,25–40 min,spring; summer; autumn,high,drive_time_from_casa: rough editorial range; not route-checked; weather_dependency: editorial estimate
Roca Foradada,2,2,2,2,medium,overnight,Unknown; identity unresolved,spring; summer; autumn,high,children_score: editorial estimate; identity/audience evidence is missing; teenagers_score: editorial estimate; source score was unknown; adults_score: editorial estimate; source score was unknown; seniors_score: editorial estimate; source score was unknown; children_score uses available audience ratings; missing ratings estimated conservatively; energy_level: editorial estimate; season: editorial estimate; duration: editorial estimate; drive_time_from_casa: rough editorial range; not route-checked; weather_dependency: editorial estimate
Ronda,4,5,5,3,medium,full-day,1.5–1.75 h,spring; summer; autumn; winter,medium,duration: editorial estimate; drive_time_from_casa: rough editorial range; not route-checked; weather_dependency: editorial estimate
Salt de la Coromina,2,2,2,2,high,overnight,Unknown; identity unresolved,spring; summer; autumn,high,children_score: editorial estimate; identity/audience evidence is missing; teenagers_score: editorial estimate; source score was unknown; adults_score: editorial estimate; source score was unknown; seniors_score: editorial estimate; source score was unknown; children_score uses available audience ratings; missing ratings estimated conservatively; energy_level: editorial estimate; season: editorial estimate; duration: editorial estimate; drive_time_from_casa: rough editorial range; not route-checked; weather_dependency: editorial estimate
Salt de Sallent,2,5,5,1,medium,overnight,9–10 h,spring; summer; autumn,high,drive_time_from_casa: rough editorial range; not route-checked; weather_dependency: editorial estimate
Selwo Aventura,4,5,5,3,high,full-day,20–30 min,spring; summer; autumn,medium,duration: editorial estimate; drive_time_from_casa: rough editorial range; not route-checked; weather_dependency: editorial estimate
Zahara de la Sierra,2,5,5,1,high,full-day,2–2.5 h,spring; autumn; winter,medium,duration: editorial estimate; drive_time_from_casa: rough editorial range; not route-checked; weather_dependency: editorial estimate
Zumaia,3,5,3,3,medium,full-day,9–10 h,spring; summer; autumn,high,drive_time_from_casa: rough editorial range; not route-checked; weather_dependency: editorial estimate
