destination,walking_distance,elevation_change,stairs_present,physical_effort,wheelchair_possible,confidence,source
Alcalá del Júcar,Unknown (no standard visitor route specified),Unknown,Unknown,Moderate to high (hilltop castle and steeply stepped hillside town),Unknown,55,https://cultura.castillalamancha.es/patrimonio/yacimientos-visitables/castillo-de-alcala-del-jucar
Alcázar de Segovia,Unknown (visitor circuit length not published),Unknown,Yes (152 steps to Tower of Juan II; other rooms on ramped route),Moderate (main route); high for tower climb,Partial (palace and museum accessible by ramps; tower not accessible),95,https://www.alcazardesegovia.com/
Aracena,1.2 km (Gruta de las Maravillas visitor circuit),Unknown,Yes (multi-level cave route; number not stated),Moderate (guided 45-minute walk with level changes),No for the cave circuit; walking difficulties are a stated concern,90,https://www.aracena.es/es/municipio/puntos-de-interes/gruta.html
Baelo Claudia,Unknown (recommended outdoor circuit; no total distance published),Unknown,"Yes (theatre seating and raised terraces in the recommended circuit)",Moderate (uneven historic-site walking and outdoor exposure),"Partial/unknown (museum access improved, but full archaeological circuit not confirmed as wheelchair accessible)",65,https://www.museosdeandalucia.es/es_ES/web/conjuntoarqueologicobaeloclaudia/propuestas-de-recorrido ; https://www.juntadeandalucia.es/organismos/culturapatrimoniohistoricoydeporte/servicios/actualidad/noticias/detalle/664135.html
Bellver Slot,Unknown (castle visit route length not published),Unknown,Yes (stairs in castle; count not established),Moderate (castle grounds and interior; route varies),Partial (accessible path and ramp are described; not all areas are step-free),70,https://visitpalma.com/en/files/doc38/ruta-cala-major-en.pdf ; https://www.visitpalma.com/en/dir/bellver-castle-the-best-views-of-palma/
Cares,22.1 km round trip (11 km each way),+831 m ascent and -831 m descent,Unknown,High / very difficult; route currently under preventive closure,No,98,https://www.turismoasturias.es/senderismo/rutas/montaneros/ruta-del-cares
Columpio de Riaño,Unknown (walk from town/access point not defined),Unknown,Unknown,Unknown,Unknown,10,https://www.aytoriano.es/export/sites/aytoriano/galerias/descargas/turismo/mapa_completo_web.pdf
CONIL DE LA FRONTERA,Unknown (town and beaches; no single route),Unknown,Unknown,Varies by selected beach and town walk,Unknown,25,https://www.conildelafrontera.es/areas-y-servicios-municipales/turismo/987-playas-y-calas
Cueva de los Arcos,Unknown (identity unresolved),Unknown,Unknown,Unknown,Unknown,0,No authoritative identity or route source established
Duna de Bolonia,1.048 km (official short trail; separate from longer beach walks),Unknown,Unknown,Low (official trail difficulty),Unknown,85,https://www.juntadeandalucia.es/medioambiente/portal/en/web/ventanadelvisitante/detalle-buscador-mapa/-/asset_publisher/Jlbxh2qB3NwR/content/duna-de-bolonia
Estany de Sant Maurici,Unknown (official route guide gives 1 h 15 min one way; distance not stated),+260 m to the lake,Unknown,Low for the lake approach; longer walks are harder,Partial (first 450 m adapted; full trail wheelchair suitability not stated),90,https://parcsnaturals.gencat.cat/web/.content/Xarxa-de-parcs/aiguestortes/gaudeix-del-parc/guia-de-visita/Propostes-itineraris-per-dies/Pdf/itineraris_valls_aneu_en11.pdf ; https://parcsnaturals.gencat.cat/es/xarxa-de-parcs/aiguestortes/gaudeix-del-parc/guia-de-visita/itineraris/
Frigiliana,Unknown (town visit has no single standard route),Unknown,Yes (official route through old town uses multiple stair streets),Moderate for old town; higher for surrounding hiking routes,No for the stepped historic route as a continuous wheelchair route,75,https://www.turismofrigiliana.es/es/el-fuerte.html ; https://www.turismofrigiliana.es/en/walking-routes.html
Gaztelugatxeko Doniene,1.2 km descent via Urizarreta; 1.6 km return via Ermu; includes 241 steps to chapel,35% slope on Urizarreta; 15% slope on Ermu,Yes (241 steps),High; official guidance describes substantial physical effort,No (official guidance says not recommended for mobility difficulties),99,https://www.bizkaia.eus/es/gaztelugatxe
La Vall d'Uixó,Unknown (adapted cave visit available; total walking distance not published),Unknown,Unknown,Low to moderate for standard boat visit; needs may vary,Yes on the adapted boat visit (advance needs assessment required),90,https://covesdesantjosep.es/visita-adaptada/ ; https://covesdesantjosep.es/preguntas-frecuentes/
Los Caños de Meca,Unknown (beach area; route depends on selected beach),Unknown,Unknown,Varies by beach and chosen walking route,Unknown,25,https://www.cadiz-turismo.com/playas/barbate/playadeloscanosdemeca
Marbella Old Town,Unknown (no single standard visitor route),Unknown,Unknown,Varies by route through the old town,Unknown,15,https://www.juntadeandalucia.es/turismoydeporte/ctrjal/destinosturisticosaccesibles/es/malaga/ruta-turistica-por-el-casco-antiguo-de-marbella
Mercado de Atarazanas,Unknown (indoor market circuit not measured),No material elevation change published,Unknown,Low (indoor market visit),Unknown,20,https://www.malaga.eu/la-ciudad/instalaciones-y-espacios/detalle-de-la-instalacion/?id=160
Miradouro da Serpente do Medal,Unknown (exact visitor route not established),Unknown,Unknown,Unknown,Unknown,10,https://www.mogadouro.pt/cmmogadouro/uploads/document/file/2783/ata_no16___10_09_2024.pdf
Morro de l'Abella,Unknown (currently closed; route measurements not established),Unknown,Unknown,Unknown while closed; do not plan a visit,Unknown,20,https://www.tavertet.cat/turisme/llocs-dinteres/el-morro-de-labella.html
Olvera Castle,Unknown (no measured castle visitor route found),Unknown,Unknown,Moderate estimate (castle is on the hilltop; route metrics not published),Unknown,35,https://www.turismoolvera.es/que-visitar/castillo-arabe
Palmeral de Las Sorpresas,Unknown (promenade; no representative route length),Unknown,Unknown,Low for a level promenade stroll,Unknown,40,https://www.puertomalaga.com/es/puerto-ciudad/
PASARELA DE RELLEU,850 m boardwalk (round trip); approach options are 3.6 km linear or 10 km circular,40 m ascent/descent on linear route; 200 m on circular option,Unknown,Moderate (hiking approach plus exposed walkway; operator rates approach route easy),Unknown,85,https://pasareladerelleu.es/index.php
Playa la Malagueta,Unknown (open beach; no standard walk length),Unknown,Unknown,Low on promenade; higher when walking on sand,Partial (promenade/access infrastructure is present; sand itself is not wheelchair traversable),55,https://www.malaga.eu/la-ciudad/playas/la-malagueta/
Roca Foradada,Unknown (identity unresolved),Unknown,Unknown,Unknown,Unknown,0,No authoritative identity or route source established
Ronda,Unknown (town and viewpoints; no single route),Unknown,Unknown,Varies by chosen town route and gorge/monument visit,Unknown,25,https://info.turismoderonda.es/ ; https://www.spain.info/en/destination/ronda/
Salt de la Coromina,Unknown (identity unresolved),Unknown,Unknown,Unknown,Unknown,0,No authoritative identity or route source established
Salt de Sallent,3 km (municipal route listing; return via same way),+100 m / -100 m,Unknown,Moderate (municipal route estimate: 1 h 15 min return same way),Unknown,90,https://www.rupitpruit.cat/turisme/que-fer/rutes-a-peu/2-itinerari-del-salt-del-sallent.html
Selwo Aventura,Unknown (park walk length not published),Unknown,"Yes (some bridges/steps; complete step inventory not published)",Moderate to high (large outdoor park with slopes),"Partial (officially describes barrier-free routes/alternatives, but steep slopes can require assistance)",85,https://www.selwo.es/descubre-selwo-aventura/servicios ; https://www.selwo.es/descubre-selwo-aventura/mapa-de-selwo
Zahara de la Sierra,Unknown (town and castle; no standard visitor route measured),Unknown,Unknown,Moderate to high estimate for hillside town/castle visit; route measurements not established,Unknown,25,https://www.zaharadelasierra.es/turismo-zahara
Zumaia,Unknown (town; no single visitor route),Unknown,Unknown,"Varies by town, beach, or coastal walk selected",Unknown,20,https://turismo.euskadi.eus/es/localidades/zumaia/webtur00-content/es/
