destination,toilets,restaurant,cafe,parking,shade,stroller_friendly,confidence,source
Alcalá del Júcar,Yes (castle visitor toilets),Unknown,Unknown,Yes (castle parking 50 m away),Unknown,Unknown,85,https://cultura.castillalamancha.es/patrimonio/yacimientos-visitables/castillo-de-alcala-del-jucar
Alcázar de Segovia,Yes (inside; baby changing noted),Unknown,Unknown,Limited nearby public parking; none inside,Unknown,Unknown,95,https://www.alcazardesegovia.com/
Aracena,Unknown,Unknown,Unknown,Yes (public parking options in town),Unknown,Unknown,60,https://www.aracena.es/es/municipio/gruta/ ; https://aracena.org/aparcamiento-ac-y-turismos
Baelo Claudia,Unknown,No food consumption inside except water; no restaurant listed,Unknown,Yes (visitor car park),Unknown,Unknown,85,https://www.museosdeandalucia.es/web/conjuntoarqueologicobaeloclaudia/servicios-e-instalaciones ; https://www.museosdeandalucia.es/web/conjuntoarqueologicobaeloclaudia/informacion-general
Bellver Slot,Yes (municipal visitor guide shows restroom),Unknown,Unknown,Unknown,Unknown,Unknown,70,https://visitpalma.com/wp-content/uploads/2025/10/ruta-bus-turistic-en.pdf ; https://www.visitpalma.com/en/dir/bellver-castle-the-best-views-of-palma/
Cares,Unknown,Unknown,Unknown,Yes (limited parking/access parking at Poncebos and Ovar),Unknown,No (mountain route; not stroller suitable),90,https://www.turismoasturias.es/senderismo/rutas/montaneros/ruta-del-cares ; https://www.turismoasturias.es/en/-/plan-de-acceso-en-transporte-a-la-ruta-del-cares-y-al-collado-pandebano
Columpio de Riaño,"Yes (public toilets listed in municipal visitor map, separate from swing)",Unknown,Unknown,Yes (town parking shown; swing parking not established),Unknown,Unknown,75,https://www.aytoriano.es/export/sites/aytoriano/galerias/descargas/turismo/mapa_completo_web.pdf
CONIL DE LA FRONTERA,Yes (at some named beaches; varies by beach),Yes (chiringuitos at some beaches),Unknown,Yes (at some beaches; varies by beach),Unknown,Partial (varies by beach and access),85,https://www.conildelafrontera.es/areas-y-servicios-municipales/turismo/987-playas-y-calas
Cueva de los Arcos,Unknown,Unknown,Unknown,Unknown,Unknown,Unknown,0,No authoritative identity or destination-specific facilities source established
Duna de Bolonia,Unknown,Unknown,Unknown,Unknown,Unknown,Unknown,40,https://www.juntadeandalucia.es/medioambiente/portal/en/web/ventanadelvisitante/detalle-buscador-mapa/-/asset_publisher/Jlbxh2qB3NwR/content/duna-de-bolonia ; https://www.juntadeandalucia.es/medioambiente/portal/en/web/ventanadelvisitante/avisos-detalle/-/asset_publisher/9BhyJCdf7sUa/content/cierre-parcial-del-sendero-duna-de-bolonia/255035
Estany de Sant Maurici,Yes (accessible toilets at park entry information points),Unknown,Unknown,Yes (Prat de Pierró parking; capacity listed by park),Unknown,Unknown,80,https://parcsnaturals.gencat.cat/es/xarxa-de-parcs/aiguestortes/gaudeix-del-parc/equipaments/ ; https://parcsnaturals.gencat.cat/ca/xarxa-de-parcs/aiguestortes/preguntes-frequents/
Frigiliana,Unknown,Yes (town services),Yes (town services),Yes (parking marked on official tourism map),Unknown,Unknown,70,https://www.turismofrigiliana.es/es/informacion-general.html ; https://www.turismofrigiliana.es/pdf/guia_turistica_web.pdf
Gaztelugatxeko Doniene,Yes (at the two access/control points only),Unknown,Unknown,Yes (public and private access parking; often fills),Unknown,No (official guidance says route unsuitable for child strollers),98,https://www.bizkaia.eus/es/gaztelugatxe
La Vall d'Uixó,Unknown,Yes (Paraje de Sant Josep),Yes (Paraje de Sant Josep),Yes (large free parking),Yes (wooded green areas),Unknown,90,https://covesdesantjosep.es/preguntas-frecuentes/ ; https://covesdesantjosep.es/nuestro-entorno/
Los Caños de Meca,Unknown,Yes (seasonal beach bars in area),Unknown,Unknown,Unknown,Unknown,55,https://www.cadiz-turismo.com/canosdemeca ; https://www.cadiz-turismo.com/playas/barbate/playadeloscanosdemeca
Marbella Old Town,Unknown,Unknown,Unknown,Unknown,Unknown,Unknown,20,https://www.juntadeandalucia.es/turismoydeporte/ctrjal/destinosturisticosaccesibles/es/malaga/ruta-turistica-por-el-casco-antiguo-de-marbella
Mercado de Atarazanas,Unknown,Unknown,Unknown,Unknown,Not applicable (indoor market),Unknown,35,https://www.malaga.eu/la-ciudad/instalaciones-y-espacios/detalle-de-la-instalacion/?id=160
Miradouro da Serpente do Medal,Unknown,Unknown,Unknown,Unknown,Unknown,Unknown,10,https://www.mogadouro.pt/cmmogadouro/uploads/document/file/2783/ata_no16___10_09_2024.pdf
Morro de l'Abella,Unknown,Unknown,Unknown,Unknown,Unknown,Unknown,55,https://www.tavertet.cat/turisme/llocs-dinteres/el-morro-de-labella.html
Olvera Castle,Unknown,Unknown,Unknown,Unknown,Unknown,Unknown,40,https://www.turismoolvera.es/que-visitar/castillo-arabe ; https://www.turismoolvera.es/informacion
Palmeral de Las Sorpresas,Unknown,Yes (restaurants/food businesses on adjoining port-city promenade),Unknown,Yes (underground parking in adjoining port area),Partial (palm-lined public promenade; shade coverage not quantified),Yes (public promenade; no route audit),75,https://www.puertomalaga.com/es/puerto-ciudad/ ; https://www.puertomalaga.com/es/accesos/
PASARELA DE RELLEU,Unknown,Unknown,Unknown,Unknown,Unknown,Unknown,20,https://www.pasareladerelleu.es/index.php?lang=1&opc=2
Playa la Malagueta,Yes (municipal beach facilities),Yes (food outlets along seafront),Unknown,Unknown,Unknown,Partial (beach promenades/passarels; sand itself is not stroller-friendly),80,https://www.malaga.eu/la-ciudad/playas/la-malagueta/ ; https://www.malaga.eu/la-ciudad/playas/servicios-generales/
Roca Foradada,Unknown,Unknown,Unknown,Unknown,Unknown,Unknown,0,No authoritative identity or destination-specific facilities source established
Ronda,Yes (public toilet confirmed at tourist office; other sites vary),Yes (town),Yes (town),Yes (public parking options shown on official tourist map),Unknown,Partial (historic centre has varied surfaces and gradients),70,https://www.juntadeandalucia.es/ctrjal/destinosturisticosaccesibles/en/node/381 ; https://info.turismoderonda.es/wp-content/uploads/2015/05/Plano-Ronda-Turismo-Andaluz-EN.pdf
Salt de la Coromina,Unknown,Unknown,Unknown,Unknown,Unknown,Unknown,0,No authoritative identity or destination-specific facilities source established
Salt de Sallent,Unknown,Unknown,Unknown,Unknown,Unknown,Unknown,45,https://www.rupitpruit.cat/turisme/que-fer/rutes-a-peu/2-itinerari-del-salt-del-sallent.html
Selwo Aventura,Yes,Yes,Yes (kiosk/cafeteria),Yes (paid visitor parking),Partial (vegetated areas; continuous shade not established),Unknown,95,https://www.selwo.es/descubre-selwo-aventura/servicios ; https://www.selwo.es/descubre-selwo-aventura/mapa-de-selwo ; https://www.selwo.es/horarios-y-precios/precios
Zahara de la Sierra,Unknown,Yes (town services),Unknown,Unknown,Unknown,Unknown,55,https://www.zaharadelasierra.es/turismo-zahara
Zumaia,Yes (Santiago Beach),Yes (bar at Santiago Beach),Unknown,Yes (roadside parking at Santiago Beach),Unknown,Unknown,90,https://turismo.euskadi.eus/en/beaches-reservoirs-rivers/santiago-beach/webtur00-content/en/
