name,ring,distance_km,latitude,longitude,coord_precision,location_note,maps_feature_id,maps_url
"C. Milano, 35",origin,0.0,36.5356875,-4.6626875,origin,Casa de la Familia address; not a destination,0xd72e1ebcc000ccf:0xf1b2cec2a3394f5e,"https://www.google.com/maps/place/C.+Milano,+35/data=!4m2!3m1!1s0xd72e1ebcc000ccf:0xf1b2cec2a3394f5e"
Colomares Castle,0-30,11.8,36.592,-4.551,approx,,0xd72e347ec7ee20f:0xcc5a466280aa4e4b,https://www.google.com/maps/place/Colomares+Castle/data=!4m2!3m1!1s0xd72e347ec7ee20f:0xcc5a466280aa4e4b
Alhaurín de la Torre,0-30,16.9,36.664,-4.561,approx,,0xd72fada8c708a7b:0xe50654c921314eb6,https://www.google.com/maps/place/Alhaur%C3%ADn+de+la+Torre/data=!4m2!3m1!1s0xd72fada8c708a7b:0xe50654c921314eb6
Hotel - Restaurante Castillo De Monda,0-30,18.3,36.63,-4.83,approx,,0xd72db984b99433b:0x21e1e888aaacc9a2,https://www.google.com/maps/place/Hotel+-+Restaurante+Castillo+De+Monda/data=!4m2!3m1!1s0xd72db984b99433b:0x21e1e888aaacc9a2
Charco las Viñas,0-30,21.5,36.57,-4.9,uncertain,Maps feature ID clusters with Istán/Monda; exact pool unconfirmed,0xd72d906ba7cc3fd:0x8af27ef138736d00,https://www.google.com/maps/place/Charco+las+Vi%C3%B1as/data=!4m2!3m1!1s0xd72d906ba7cc3fd:0x8af27ef138736d00
Río Grande,0-30,22.0,36.7,-4.8,uncertain,,0xd72c34e31a8609d:0x169a65073dbbb20a,https://www.google.com/maps/place/R%C3%ADo+Grande/data=!4m2!3m1!1s0xd72c34e31a8609d:0x169a65073dbbb20a
Marbella Club,0-30,22.3,36.506,-4.91,approx,,0xd732820ce58c2db:0x1a58a6239dcba398,https://www.google.com/maps/place/Marbella+Club/data=!4m2!3m1!1s0xd732820ce58c2db:0x1a58a6239dcba398
Río Verde,0-30,25.7,36.55,-4.95,uncertain,,0xd7188bdc473e72d:0xebfe85c42b497af3,https://www.google.com/maps/place/R%C3%ADo+Verde/data=!4m2!3m1!1s0xd7188bdc473e72d:0xebfe85c42b497af3
Istán,0-30,26.1,36.58,-4.95,approx,,0xd72d6c5ee02fb37:0xb21d347e5adfab43,https://www.google.com/maps/place/Ist%C3%A1n/data=!4m2!3m1!1s0xd72d6c5ee02fb37:0xb21d347e5adfab43
Nacimiento del Río Molinos,0-30,26.4,36.59,-4.95,uncertain,"Istán (Sierra de las Nieves); search hit: Fuente de los Molinos, Istán",0xd72d6dbfadbda0f:0x77bef695e36a4c3,https://www.google.com/maps/place/Nacimiento+del+R%C3%ADo+Molinos/data=!4m2!3m1!1s0xd72d6dbfadbda0f:0x77bef695e36a4c3
Mercado de Atarazanas,0-30,29.4,36.7186,-4.4243,approx,,0xd72f7968ff0b787:0x7d04360c50b946be,https://www.google.com/maps/place/Mercado+de+Atarazanas/data=!4m2!3m1!1s0xd72f7968ff0b787:0x7d04360c50b946be
Palmeral de Las Sorpresas,0-30,29.8,36.717,-4.417,approx,,0xd72f7eba57f943d:0x8dcbea5442c8f133,https://www.google.com/maps/place/Palmeral+de+Las+Sorpresas/data=!4m2!3m1!1s0xd72f7eba57f943d:0x8dcbea5442c8f133
Málaga,0-30,29.8,36.72,-4.42,approx,,0xd7259c44fdb212d:0x6025dc92c9ca32cf,https://www.google.com/maps/place/M%C3%A1laga/data=!4m2!3m1!1s0xd7259c44fdb212d:0x6025dc92c9ca32cf
Muelle Uno,0-30,30.0,36.717,-4.413,approx,,0xd72f7e8e7c470a3:0x220ec0797562c043,https://www.google.com/maps/place/Muelle+Uno/data=!4m2!3m1!1s0xd72f7e8e7c470a3:0x220ec0797562c043
Málaga Roman Theatre,30-60,30.1,36.7212,-4.4167,approx,,0xd72f7eaa049c333:0x85e643a749be4729,https://www.google.com/maps/place/M%C3%A1laga+Roman+Theatre/data=!4m2!3m1!1s0xd72f7eaa049c333:0x85e643a749be4729
Playa la Malagueta,30-60,30.4,36.7195,-4.4105,approx,,0xd72f7e8c598bacf:0x803b7c8f64e1ef37,https://www.google.com/maps/place/Playa+la+Malagueta/data=!4m2!3m1!1s0xd72f7e8c598bacf:0x803b7c8f64e1ef37
Castillo de Gibralfaro,30-60,30.7,36.723,-4.41,approx,,0xd72f7c2d298c359:0xc4350594f8ef2191,https://www.google.com/maps/place/Castillo+de+Gibralfaro/data=!4m2!3m1!1s0xd72f7c2d298c359:0xc4350594f8ef2191
Jardín Botánico - Histórico La Concepción,30-60,32.8,36.761,-4.425,approx,,0xd72f643b40eea05:0x2313bafebcbee802,https://www.google.com/maps/place/Jard%C3%ADn+Bot%C3%A1nico+-+Hist%C3%B3rico+La+Concepci%C3%B3n/data=!4m2!3m1!1s0xd72f643b40eea05:0x2313bafebcbee802
Peñón del Cuervo,30-60,35.5,36.71,-4.33,approx,,0xd7259e780cf93a1:0x41c89b95515ea0c3,https://www.google.com/maps/place/Pe%C3%B1%C3%B3n+del+Cuervo/data=!4m2!3m1!1s0xd7259e780cf93a1:0x41c89b95515ea0c3
Río del Padrón,30-60,39.8,36.47,-5.1,uncertain,,0xd0cd5ce4aa43e07:0xe3ac010769dd3d9,https://www.google.com/maps/place/R%C3%ADo+del+Padr%C3%B3n/data=!4m2!3m1!1s0xd0cd5ce4aa43e07:0xe3ac010769dd3d9
Rincón de la Victoria,30-60,39.8,36.717,-4.278,approx,,0xd725a8925cf0bd3:0xd9df30c8f2414379,https://www.google.com/maps/place/Rinc%C3%B3n+de+la+Victoria/data=!4m2!3m1!1s0xd725a8925cf0bd3:0xd9df30c8f2414379
Cueva del Tesoro,30-60,41.7,36.717,-4.254,approx,,0xd725a0d7782c309:0x34284f940da3f6f0,https://www.google.com/maps/place/Cueva+del+Tesoro/data=!4m2!3m1!1s0xd725a0d7782c309:0x34284f940da3f6f0
Río del Castor,30-60,42.0,36.45,-5.12,uncertain,,0xd0cd5b97e770a6b:0x932a51ca756fdb88,https://www.google.com/maps/place/R%C3%ADo+del+Castor/data=!4m2!3m1!1s0xd0cd5b97e770a6b:0x932a51ca756fdb88
Estepona,30-60,44.9,36.427,-5.146,approx,,0xd0cd6a591f6d9d3:0x8a4bf0c5d62d0dcc,https://www.google.com/maps/place/Estepona/data=!4m2!3m1!1s0xd0cd6a591f6d9d3:0x8a4bf0c5d62d0dcc
Estepona Orchid House,30-60,45.0,36.428,-5.148,approx,,0xd0cd6a1169561d3:0xc1a3242cb90f566,https://www.google.com/maps/place/Estepona+Orchid+House/data=!4m2!3m1!1s0xd0cd6a1169561d3:0xc1a3242cb90f566
Centro Histórico de Estepona,30-60,45.0,36.426,-5.147,approx,,0xd0cd7003bfcf139:0xabcc2ce32d2c94d2,https://www.google.com/maps/place/Centro+Hist%C3%B3rico+de+Estepona/data=!4m2!3m1!1s0xd0cd7003bfcf139:0xabcc2ce32d2c94d2
Caminito del rey,30-60,45.1,36.93,-4.78,approx,,0xd72bf00159277e9:0xca21764e9dd96eda,https://www.google.com/maps/place/Caminito+del+rey/data=!4m2!3m1!1s0xd72bf00159277e9:0xca21764e9dd96eda
Desfiladero de los Gaitanes Natural Park,30-60,45.1,36.93,-4.78,approx,,0xd72bf0007b83995:0x2d8e1aa3e498d24d,https://www.google.com/maps/place/Desfiladero+de+los+Gaitanes+Natural+Park/data=!4m2!3m1!1s0xd72bf0007b83995:0x2d8e1aa3e498d24d
Playa del Cristo,30-60,47.1,36.418,-5.169,approx,,0xd0cd6ca0f36912b:0x28f1da0d2f17461f,https://www.google.com/maps/place/Playa+del+Cristo/data=!4m2!3m1!1s0xd0cd6ca0f36912b:0x28f1da0d2f17461f
El Torcal de Antequera,30-60,47.3,36.95,-4.54,approx,,0xd728de00cde0189:0x775490ea2a28385b,https://www.google.com/maps/place/El+Torcal+de+Antequera/data=!4m2!3m1!1s0xd728de00cde0189:0x775490ea2a28385b
La Casa del Rey Moro,30-60,50.0,36.739,-5.163,approx,,0xd0d313f52395cc3:0xcd26a8d25ead3ffb,https://www.google.com/maps/place/La+Casa+del+Rey+Moro/data=!4m2!3m1!1s0xd0d313f52395cc3:0xcd26a8d25ead3ffb
Puente Nuevo. Centro de Interpretación,30-60,50.4,36.741,-5.166,approx,,0xd0d3138c52d109d:0xc68155bdb2c61dac,https://www.google.com/maps/place/Puente+Nuevo.+Centro+de+Interpretaci%C3%B3n/data=!4m2!3m1!1s0xd0d3138c52d109d:0xc68155bdb2c61dac
Mirador de Aldehuela,30-60,50.5,36.74,-5.168,approx,,0xd0d3138b6683a63:0x496cc63c11dcbb8f,https://www.google.com/maps/place/Mirador+de+Aldehuela/data=!4m2!3m1!1s0xd0d3138b6683a63:0x496cc63c11dcbb8f
Casares Costa,30-60,54.6,36.4,-5.25,approx,,0xd0cd0915bcc3071:0xf2d051f512b64710,https://www.google.com/maps/place/Casares+Costa/data=!4m2!3m1!1s0xd0cd0915bcc3071:0xf2d051f512b64710
Antequera,30-60,54.6,37.02,-4.56,approx,,0xd728ff1d780e259:0x44e044e46a50fb34,https://www.google.com/maps/place/Antequera/data=!4m2!3m1!1s0xd728ff1d780e259:0x44e044e46a50fb34
Baños de la Hedionda de Casares - Espacio Natural,30-60,55.3,36.396,-5.256,approx,,0xd0cdbae65ff1c89:0xfdd0775b477e9e31,https://www.google.com/maps/place/Ba%C3%B1os+de+la+Hedionda+de+Casares+-+Espacio+Natural/data=!4m2!3m1!1s0xd0cdbae65ff1c89:0xfdd0775b477e9e31
Casares,30-60,55.6,36.445,-5.274,approx,,0xd0cd9014e5a8eb7:0xbcbfd387f8fc960a,https://www.google.com/maps/place/Casares/data=!4m2!3m1!1s0xd0cd9014e5a8eb7:0xbcbfd387f8fc960a
El Molino Del Santo,30-60,56.3,36.72,-5.25,approx,,0xd0d3a5ce6fad47d:0x90be480e927874c1,https://www.google.com/maps/place/El+Molino+Del+Santo/data=!4m2!3m1!1s0xd0d3a5ce6fad47d:0x90be480e927874c1
Setenil de las Bodegas,30-60,58.5,36.86,-5.18,approx,,0xd0d49c8297cdd15:0x44842378df0ac406,https://www.google.com/maps/place/Setenil+de+las+Bodegas/data=!4m2!3m1!1s0xd0d49c8297cdd15:0x44842378df0ac406
Sotogrande,60-100,61.6,36.29,-5.28,approx,,0xd0cc48a411b7415:0x1b68dbcc476a16d5,https://www.google.com/maps/place/Sotogrande/data=!4m2!3m1!1s0xd0cc48a411b7415:0x1b68dbcc476a16d5
Guadiaro,60-100,62.3,36.31,-5.3,approx,,0xd0d23d644fa8da5:0xa693b20588c09808,https://www.google.com/maps/place/Guadiaro/data=!4m2!3m1!1s0xd0d23d644fa8da5:0xa693b20588c09808
Río de Torrox,60-100,69.1,36.78,-3.95,uncertain,,0xd723a67abca3e25:0xce483166f0f5e2ea,https://www.google.com/maps/place/R%C3%ADo+de+Torrox/data=!4m2!3m1!1s0xd723a67abca3e25:0xce483166f0f5e2ea
Olvera Castle,60-100,69.9,36.935,-5.268,approx,,0xd0d45cd48342e9b:0x408a338911a0f246,https://www.google.com/maps/place/Olvera+Castle/data=!4m2!3m1!1s0xd0d45cd48342e9b:0x408a338911a0f246
Olvera,60-100,70.0,36.935,-5.27,approx,,0xd0d45d02c860c0f:0xc561080419ee0996,https://www.google.com/maps/place/Olvera/data=!4m2!3m1!1s0xd0d45d02c860c0f:0xc561080419ee0996
Zahara de la Sierra,60-100,73.1,36.84,-5.389,approx,,0xd0d400253802d0b:0xfa97cfedcdf2cf3,https://www.google.com/maps/place/Zahara+de+la+Sierra/data=!4m2!3m1!1s0xd0d400253802d0b:0xfa97cfedcdf2cf3
Balcón de Europa,60-100,74.0,36.743,-3.875,approx,,0xd7225cab7307489:0x3399e76d9a2f587e,https://www.google.com/maps/place/Balc%C3%B3n+de+Europa/data=!4m2!3m1!1s0xd7225cab7307489:0x3399e76d9a2f587e
Frigiliana,60-100,74.1,36.791,-3.895,approx,,0xd7224b09423f143:0x907177a88feb8605,https://www.google.com/maps/place/Frigiliana/data=!4m2!3m1!1s0xd7224b09423f143:0x907177a88feb8605
Nerja,60-100,74.6,36.75,-3.87,approx,,0xd72251226dc9a3d:0xe8a542008b9b37b8,https://www.google.com/maps/place/Nerja/data=!4m2!3m1!1s0xd72251226dc9a3d:0xe8a542008b9b37b8
Los Cahorros del Rio Chillar,60-100,76.6,36.78,-3.86,approx,,0xd7224857a20d1ff:0x8807036f880a7c4a,https://www.google.com/maps/place/Los+Cahorros+del+Rio+Chillar/data=!4m2!3m1!1s0xd7224857a20d1ff:0x8807036f880a7c4a
Cueva de Nerja,60-100,77.2,36.762,-3.845,approx,,0xd722434962345d5:0x475ae954d6cb72a3,https://www.google.com/maps/place/Cueva+de+Nerja/data=!4m2!3m1!1s0xd722434962345d5:0x475ae954d6cb72a3
Playa de Maro,60-100,77.5,36.756,-3.838,approx,,0xd7225c5f714adc1:0x8f745fd77ab9baa4,https://www.google.com/maps/place/Playa+de+Maro/data=!4m2!3m1!1s0xd7225c5f714adc1:0x8f745fd77ab9baa4
Majaceite,60-100,78.8,36.76,-5.5,uncertain,,0xd0d1232c278f37d:0x701116211a0880da,https://www.google.com/maps/place/Majaceite/data=!4m2!3m1!1s0xd0d1232c278f37d:0x701116211a0880da
Beach Cantarriján,60-100,82.8,36.74,-3.77,approx,,0xd7227cec4cfd6af:0x9fbbe4d3e2beff8c,https://www.google.com/maps/place/Beach+Cantarrij%C3%A1n/data=!4m2!3m1!1s0xd7227cec4cfd6af:0x9fbbe4d3e2beff8c
La Herradura,60-100,85.1,36.73,-3.74,approx,,0xd71881b4f4a8187:0x764f43ae419feaac,https://www.google.com/maps/place/La+Herradura/data=!4m2!3m1!1s0xd71881b4f4a8187:0x764f43ae419feaac
Iznájar,60-100,86.4,37.26,-4.31,approx,,0xd6d8728da844ff9:0x9cb03da8785425d,https://www.google.com/maps/place/Izn%C3%A1jar/data=!4m2!3m1!1s0xd6d8728da844ff9:0x9cb03da8785425d
Osuna,60-100,87.4,37.24,-5.1,approx,,0xd12aba8cde59067:0x91f1110556a93a6e,https://www.google.com/maps/place/Osuna/data=!4m2!3m1!1s0xd12aba8cde59067:0x91f1110556a93a6e
Tarifa,>100,102.4,36.01,-5.6,approx,,0xd0c8ef7c23f1c63:0x2ce0f2832aa48963,https://www.google.com/maps/place/Tarifa/data=!4m2!3m1!1s0xd0c8ef7c23f1c63:0x2ce0f2832aa48963
Playa de los Alemanes,>100,107.5,36.05,-5.7,approx,,0xd631877e0a4a3bf:0x280530b2c7370efb,https://www.google.com/maps/place/Playa+de+los+Alemanes/data=!4m2!3m1!1s0xd631877e0a4a3bf:0x280530b2c7370efb
Priego de Córdoba,>100,108.6,37.44,-4.2,approx,,0xd6d90f840df3d51:0x991a7136be583912,https://www.google.com/maps/place/Priego+de+C%C3%B3rdoba/data=!4m2!3m1!1s0xd6d90f840df3d51:0x991a7136be583912
Baelo Claudia,>100,111.2,36.088,-5.772,approx,,0xd0c605252ca33af:0xc5fb01af4f247b2c,https://www.google.com/maps/place/Baelo+Claudia/data=!4m2!3m1!1s0xd0c605252ca33af:0xc5fb01af4f247b2c
Playa Bolonia,>100,111.4,36.08,-5.77,approx,,0xd0c60feab467397:0xd5fefe7db7435892,https://www.google.com/maps/place/Playa+Bolonia/data=!4m2!3m1!1s0xd0c60feab467397:0xd5fefe7db7435892
Duna de Bolonia,>100,111.7,36.09,-5.78,approx,,0xd0c60e65973c52d:0xcbe7c3a3825108d9,https://www.google.com/maps/place/Duna+de+Bolonia/data=!4m2!3m1!1s0xd0c60e65973c52d:0xcbe7c3a3825108d9
Zuheros,>100,115.7,37.54,-4.32,approx,,0xd6d98b4bb54f8dd:0xcc27b272150a63a7,https://www.google.com/maps/place/Zuheros/data=!4m2!3m1!1s0xd6d98b4bb54f8dd:0xcc27b272150a63a7
Granada,>100,118.6,37.18,-3.6,approx,,0xd71fce62d32c27d:0x9258f79dd3600d72,https://www.google.com/maps/place/Granada/data=!4m2!3m1!1s0xd71fce62d32c27d:0x9258f79dd3600d72
Fundación NMAC,>100,120.7,36.27,-5.97,approx,,0xd0c4ec9dec7625b:0x6da2e38daba95b12,https://www.google.com/maps/place/Fundaci%C3%B3n+NMAC/data=!4m2!3m1!1s0xd0c4ec9dec7625b:0x6da2e38daba95b12
Vejer de la Frontera,>100,120.8,36.252,-5.966,approx,,0xd0c45c91240e403:0xc7939fe29cb2a440,https://www.google.com/maps/place/Vejer+de+la+Frontera/data=!4m2!3m1!1s0xd0c45c91240e403:0xc7939fe29cb2a440
Soportújar,>100,120.8,36.93,-3.4,approx,,0xd71c03deacba3ab:0x7e7f9b5b9a297ba0,https://www.google.com/maps/place/Soport%C3%BAjar/data=!4m2!3m1!1s0xd71c03deacba3ab:0x7e7f9b5b9a297ba0
Pampaneira,>100,124.5,36.94,-3.36,approx,,0xd71c0e7c11c4d43:0xe6e0c4c43cf6de9f,https://www.google.com/maps/place/Pampaneira/data=!4m2!3m1!1s0xd71c0e7c11c4d43:0xe6e0c4c43cf6de9f
Capileira,>100,125.3,36.96,-3.36,approx,,0xd71c117e482c369:0x6413797e8c588d52,https://www.google.com/maps/place/Capileira/data=!4m2!3m1!1s0xd71c117e482c369:0x6413797e8c588d52
Los Caños de Meca,>100,127.5,36.19,-6.02,approx,,0xd0c412f9493595b:0xa04640009eb0a30,https://www.google.com/maps/place/Los+Ca%C3%B1os+de+Meca/data=!4m2!3m1!1s0xd0c412f9493595b:0xa04640009eb0a30
Sierra Nevada,>100,128.2,37.09,-3.4,approx,,0xd71dd40f85d032b:0x83c3bcec66a06c14,https://www.google.com/maps/place/Sierra+Nevada/data=!4m2!3m1!1s0xd71dd40f85d032b:0x83c3bcec66a06c14
Playa el Palmar,>100,129.6,36.23,-6.06,approx,,0xd0c39002738d9cb:0x7eb4392e28c320a5,https://www.google.com/maps/place/Playa+el+Palmar/data=!4m2!3m1!1s0xd0c39002738d9cb:0x7eb4392e28c320a5
CONIL DE LA FRONTERA,>100,130.8,36.276,-6.088,approx,,0xd0c37959c4236dd:0xc8912927eae26437,https://www.google.com/maps/place/CONIL+DE+LA+FRONTERA/data=!4m2!3m1!1s0xd0c37959c4236dd:0xc8912927eae26437
Jerez de la Frontera,>100,133.0,36.69,-6.14,approx,,0xd0dc6e84844a39f:0x6dac3ef5f3d0ffea,https://www.google.com/maps/place/Jerez+de+la+Frontera/data=!4m2!3m1!1s0xd0dc6e84844a39f:0x6dac3ef5f3d0ffea
Carmona,>100,135.4,37.47,-5.64,approx,,0xd128b7d3bb37bbb:0x3a8e6568206ec751,https://www.google.com/maps/place/Carmona/data=!4m2!3m1!1s0xd128b7d3bb37bbb:0x3a8e6568206ec751
Castillo Almodovar del Rio,>100,145.4,37.81,-5.03,approx,,0xd6d2b0b43050d29:0xe0ed5a6d351c558a,https://www.google.com/maps/place/Castillo+Almodovar+del+Rio/data=!4m2!3m1!1s0xd6d2b0b43050d29:0xe0ed5a6d351c558a
Alcázar de los Reyes Cristianos,>100,149.5,37.877,-4.782,approx,,0xd6d209c64b08419:0xcb4ad460f15712f5,https://www.google.com/maps/place/Alc%C3%A1zar+de+los+Reyes+Cristianos/data=!4m2!3m1!1s0xd6d209c64b08419:0xcb4ad460f15712f5
Baños del Alcázar Califal,>100,149.5,37.877,-4.78,approx,,0xd6d209c5e922ae9:0x2e5c04c6ab324a76,https://www.google.com/maps/place/Ba%C3%B1os+del+Alc%C3%A1zar+Califal/data=!4m2!3m1!1s0xd6d209c5e922ae9:0x2e5c04c6ab324a76
Patio de los Naranjos,>100,149.7,37.879,-4.779,uncertain,,0xd6d209d2b5b5a9d:0x71478a7adb0adb9,https://www.google.com/maps/place/Patio+de+los+Naranjos/data=!4m2!3m1!1s0xd6d209d2b5b5a9d:0x71478a7adb0adb9
Córdoba,>100,149.8,37.88,-4.78,approx,,0xd6cdf26f95e0aef:0x4df1d2e8108456c3,https://www.google.com/maps/place/C%C3%B3rdoba/data=!4m2!3m1!1s0xd6cdf26f95e0aef:0x4df1d2e8108456c3
Plaza de España,>100,150.3,37.377,-5.987,uncertain,,0xd126c2115c814eb:0x5b13dff2128dab06,https://www.google.com/maps/place/Plaza+de+Espa%C3%B1a/data=!4m2!3m1!1s0xd126c2115c814eb:0x5b13dff2128dab06
Sevilla,>100,150.7,37.39,-5.98,approx,,0xd126c1114be6291:0x34f018621cfe5648,https://www.google.com/maps/place/Sevilla/data=!4m2!3m1!1s0xd126c1114be6291:0x34f018621cfe5648
"Santa Cruz, Seville",>100,151.0,37.385,-5.989,approx,,0xd126c1a279297ed:0x97febf6f3c562ccf,"https://www.google.com/maps/place/Santa+Cruz,+Seville/data=!4m2!3m1!1s0xd126c1a279297ed:0x97febf6f3c562ccf"
Sevilla Palads,>100,151.1,37.384,-5.991,approx,,0xd126c198c41a24b:0xbaa976bfaec1fe87,https://www.google.com/maps/place/Sevilla+Palads/data=!4m2!3m1!1s0xd126c198c41a24b:0xbaa976bfaec1fe87
Pl. del Cabildo,>100,151.4,37.385,-5.995,uncertain,,0xd126c174ef49045:0x897e6f602012be97,https://www.google.com/maps/place/Pl.+del+Cabildo/data=!4m2!3m1!1s0xd126c174ef49045:0x897e6f602012be97
Casas Cuevas Almagruz y Centro de Interpretación Hábitat Troglodita Almagruz,>100,157.3,37.32,-3.19,approx,,0xd6e296846248e69:0x3a437d2160a78062,https://www.google.com/maps/place/Casas+Cuevas+Almagruz+y+Centro+de+Interpretaci%C3%B3n+H%C3%A1bitat+Troglodita+Almagruz/data=!4m2!3m1!1s0xd6e296846248e69:0x3a437d2160a78062
Jaén,>100,158.5,37.78,-3.79,approx,,0xd6dd713cb5302c7:0x9cfb2c858b405702,https://www.google.com/maps/place/Ja%C3%A9n/data=!4m2!3m1!1s0xd6dd713cb5302c7:0x9cfb2c858b405702
Guadix,>100,159.8,37.3,-3.14,approx,,0xd6e2b0012977bf7:0xd7bfa855928f4200,https://www.google.com/maps/place/Guadix/data=!4m2!3m1!1s0xd6e2b0012977bf7:0xd7bfa855928f4200
Geoparque de Granada,>100,189.3,37.55,-2.95,approx,,0xd6fdbc21d65a787:0xb550a935328a02e8,https://www.google.com/maps/place/Geoparque+de+Granada/data=!4m2!3m1!1s0xd6fdbc21d65a787:0xb550a935328a02e8
Chimeneas de las Hadas del Negratín,>100,189.3,37.55,-2.95,uncertain,,0xd6fc79f454b5cd5:0x80aa5cd26bccc2ef,https://www.google.com/maps/place/Chimeneas+de+las+Hadas+del+Negrat%C3%ADn/data=!4m2!3m1!1s0xd6fc79f454b5cd5:0x80aa5cd26bccc2ef
Baeza,>100,193.1,37.99,-3.47,approx,,0xd6e8b9951129cbb:0xaa294bf3b280fe8c,https://www.google.com/maps/place/Baeza/data=!4m2!3m1!1s0xd6e8b9951129cbb:0xaa294bf3b280fe8c
Almería,>100,199.3,36.84,-2.46,approx,,0xd7a9e00ecccf2c1:0x8d9da01f8ebc485e,https://www.google.com/maps/place/Almer%C3%ADa/data=!4m2!3m1!1s0xd7a9e00ecccf2c1:0x8d9da01f8ebc485e
Tabernas Desert,>100,210.3,37.05,-2.39,approx,,0xd7008fa182abfe7:0x6ff223d19c4965f2,https://www.google.com/maps/place/Tabernas+Desert/data=!4m2!3m1!1s0xd7008fa182abfe7:0x6ff223d19c4965f2
Castril,>100,218.2,37.8,-2.78,approx,,0xd6fa2a1b47079a7:0x8c1da099c9e3d21e,https://www.google.com/maps/place/Castril/data=!4m2!3m1!1s0xd6fa2a1b47079a7:0x8c1da099c9e3d21e
Huelva,>100,218.8,37.26,-6.95,approx,,0xd11cfe6d744284b:0xd82baac110b40f83,https://www.google.com/maps/place/Huelva/data=!4m2!3m1!1s0xd11cfe6d744284b:0xd82baac110b40f83
Cabo de Gata,>100,221.6,36.72,-2.19,approx,,0xd7a91eac8d061b5:0xaf53b55570b95933,https://www.google.com/maps/place/Cabo+de+Gata/data=!4m2!3m1!1s0xd7a91eac8d061b5:0xaf53b55570b95933
Níjar,>100,223.8,36.97,-2.21,approx,,0xd7abe69b2894ced:0x2eb7e85cea95eff3,https://www.google.com/maps/place/N%C3%ADjar/data=!4m2!3m1!1s0xd7abe69b2894ced:0x2eb7e85cea95eff3
Aracena,>100,225.6,37.89,-6.56,approx,,0xd117a107a854cb1:0x1038bf2e03c4510c,https://www.google.com/maps/place/Aracena/data=!4m2!3m1!1s0xd117a107a854cb1:0x1038bf2e03c4510c
Cabo de Gata-Níjar,>100,231.1,36.85,-2.1,approx,,0xd7a8d6eac00da71:0x804122782017fd50,https://www.google.com/maps/place/Cabo+de+Gata-N%C3%ADjar/data=!4m2!3m1!1s0xd7a8d6eac00da71:0x804122782017fd50
La Isleta del Moro,>100,235.0,36.81,-2.05,approx,,0xd7aee8e9963ca9d:0xcd911a21ae829f83,https://www.google.com/maps/place/La+Isleta+del+Moro/data=!4m2!3m1!1s0xd7aee8e9963ca9d:0xcd911a21ae829f83
Cuevas de Sorbas,>100,236.6,37.1,-2.1,approx,,0xd7ac7d0df259765:0xa8dfdcc76f8e7002,https://www.google.com/maps/place/Cuevas+de+Sorbas/data=!4m2!3m1!1s0xd7ac7d0df259765:0xa8dfdcc76f8e7002
Cala de Enmedio,>100,239.8,36.84,-2.0,approx,,0xd7ae7792b2b3663:0x3710bb7364853915,https://www.google.com/maps/place/Cala+de+Enmedio/data=!4m2!3m1!1s0xd7ae7792b2b3663:0x3710bb7364853915
Las Negras,>100,240.3,36.87,-2.0,approx,,0xd7ae8ec6dc6663f:0xdadb0b732f20c764,https://www.google.com/maps/place/Las+Negras/data=!4m2!3m1!1s0xd7ae8ec6dc6663f:0xdadb0b732f20c764
Agua Amarga,>100,247.6,36.94,-1.93,approx,,0xd7add897584e7db:0xe416cf9563a89d0a,https://www.google.com/maps/place/Agua+Amarga/data=!4m2!3m1!1s0xd7add897584e7db:0xe416cf9563a89d0a
Carboneras,>100,251.2,36.99,-1.9,approx,,0xd7ac162d272c483:0x168375a8e9c65d33,https://www.google.com/maps/place/Carboneras/data=!4m2!3m1!1s0xd7ac162d272c483:0x168375a8e9c65d33
Los Muertos Beach,>100,251.7,36.97,-1.89,approx,,0xd7ade11a7b41b5b:0xf4c982b9a5ae1bf,https://www.google.com/maps/place/Los+Muertos+Beach/data=!4m2!3m1!1s0xd7ade11a7b41b5b:0xf4c982b9a5ae1bf
Mojácar,>100,259.2,37.14,-1.85,approx,,0xd7ad7c7175e5fc3:0x9b842f4227872de6,https://www.google.com/maps/place/Moj%C3%A1car/data=!4m2!3m1!1s0xd7ad7c7175e5fc3:0x9b842f4227872de6
Pulpí Geode,>100,274.5,37.38,-1.76,approx,,0xd64d1c9a2de8247:0x81b03b5934287ae7,https://www.google.com/maps/place/Pulp%C3%AD+Geode/data=!4m2!3m1!1s0xd64d1c9a2de8247:0x81b03b5934287ae7
Mérida,>100,303.4,38.92,-6.34,approx,,0xd1426907b023fe7:0xfe5ac25ac22cadde,https://www.google.com/maps/place/M%C3%A9rida/data=!4m2!3m1!1s0xd1426907b023fe7:0xfe5ac25ac22cadde
Lagunas de Ruidera,>100,312.2,38.95,-2.85,approx,,0xd68c1ed8cf93255:0xf9b306c890a2fd2c,https://www.google.com/maps/place/Lagunas+de+Ruidera/data=!4m2!3m1!1s0xd68c1ed8cf93255:0xf9b306c890a2fd2c
Badajoz,>100,330.4,38.88,-6.97,approx,,0xd16e43eac5f354d:0x688c7e359714a4a9,https://www.google.com/maps/place/Badajoz/data=!4m2!3m1!1s0xd16e43eac5f354d:0x688c7e359714a4a9
Costa Cálida,>100,345.8,37.6,-1.0,approx,,0xd64c5e2bd323b95:0xea0869c778447f94,https://www.google.com/maps/place/Costa+C%C3%A1lida/data=!4m2!3m1!1s0xd64c5e2bd323b95:0xea0869c778447f94
Jumilla,>100,364.9,38.48,-1.33,approx,,0xd640f7e25fe7feb:0x48c0a450660ac428,https://www.google.com/maps/place/Jumilla/data=!4m2!3m1!1s0xd640f7e25fe7feb:0x48c0a450660ac428
La Manga,>100,370.6,37.64,-0.72,approx,,0xd631860de6933f5:0x1e0a30c3ff536f70,https://www.google.com/maps/place/La+Manga/data=!4m2!3m1!1s0xd631860de6933f5:0x1e0a30c3ff536f70
Toledo,>100,373.9,39.86,-4.02,approx,,0xd6a0bad0bb5fdf1:0xc67f5be86a75adfe,https://www.google.com/maps/place/Toledo/data=!4m2!3m1!1s0xd6a0bad0bb5fdf1:0xc67f5be86a75adfe
Torrevieja,>100,387.3,37.98,-0.68,approx,,0xd63aa38720ffc79:0xd220b907f2229dc6,https://www.google.com/maps/place/Torrevieja/data=!4m2!3m1!1s0xd63aa38720ffc79:0xd220b907f2229dc6
Jorquera,>100,401.8,39.17,-1.53,approx,,0xd66e7880f6a9f13:0xf6c49b859ae89399,https://www.google.com/maps/place/Jorquera/data=!4m2!3m1!1s0xd66e7880f6a9f13:0xf6c49b859ae89399
Alcalá del Júcar,>100,409.4,39.19,-1.43,approx,,0xd66db9eb4c836b3:0x51503465181811fc,https://www.google.com/maps/place/Alcal%C3%A1+del+J%C3%BAcar/data=!4m2!3m1!1s0xd66db9eb4c836b3:0x51503465181811fc
Tabarca,>100,411.9,38.17,-0.48,approx,,0xd624fc9b9196da3:0xa2143497b6fe3626,https://www.google.com/maps/place/Tabarca/data=!4m2!3m1!1s0xd624fc9b9196da3:0xa2143497b6fe3626
PASARELA DE RELLEU,>100,445.7,38.59,-0.32,approx,,0xd6219b8ebdd278b:0x1ad46b45c7e4551a,https://www.google.com/maps/place/PASARELA+DE+RELLEU/data=!4m2!3m1!1s0xd6219b8ebdd278b:0x1ad46b45c7e4551a
Salto de Chella,>100,448.5,39.04,-0.66,approx,,0xd610b951913a97d:0x12133cf23827640b,https://www.google.com/maps/place/Salto+de+Chella/data=!4m2!3m1!1s0xd610b951913a97d:0x12133cf23827640b
Cuenca,>100,450.8,40.07,-2.13,approx,,0xd5d6741369751c3:0x6e81ab6ed08cd292,https://www.google.com/maps/place/Cuenca/data=!4m2!3m1!1s0xd5d6741369751c3:0x6e81ab6ed08cd292
Ventano del Diablo,>100,456.0,40.11,-2.1,approx,,0xd5d6b7fd13a2b81:0x3daaf79970ba811b,https://www.google.com/maps/place/Ventano+del+Diablo/data=!4m2!3m1!1s0xd5d6b7fd13a2b81:0x3daaf79970ba811b
El Castell de Guadalest,>100,459.6,38.676,-0.198,approx,,0xd61f647011b36e1:0x1415cabf319b5ca4,https://www.google.com/maps/place/El+Castell+de+Guadalest/data=!4m2!3m1!1s0xd61f647011b36e1:0x1415cabf319b5ca4
Altea,>100,466.8,38.6,-0.05,approx,,0xd6201119da370f9:0xd31449d8ceb8c2a0,https://www.google.com/maps/place/Altea/data=!4m2!3m1!1s0xd6201119da370f9:0xd31449d8ceb8c2a0
La Ciudad Encantada,>100,469.3,40.2,-1.99,approx,,0xd5d6e743631da51:0x92c3646e80f79a26,https://www.google.com/maps/place/La+Ciudad+Encantada/data=!4m2!3m1!1s0xd5d6e743631da51:0x92c3646e80f79a26
Calp,>100,475.8,38.64,0.04,approx,,0x129dfe2fe8a2a5b9:0x8bd32a530d554773,https://www.google.com/maps/place/Calp/data=!4m2!3m1!1s0x129dfe2fe8a2a5b9:0x8bd32a530d554773
Barrio Andalusí Benacacira,>100,480.4,39.75,-0.99,approx,,0xd60bb3f9e83c8e7:0x51b8f9ac5bb792f6,https://www.google.com/maps/place/Barrio+Andalus%C3%AD+Benacacira/data=!4m2!3m1!1s0xd60bb3f9e83c8e7:0x51b8f9ac5bb792f6
Peña Cortada,>100,482.9,39.73,-0.92,approx,,0xd60bc6d2a0db775:0xaa327ff8bbcbc1f3,https://www.google.com/maps/place/Pe%C3%B1a+Cortada/data=!4m2!3m1!1s0xd60bc6d2a0db775:0xaa327ff8bbcbc1f3
Moraira,>100,486.1,38.69,0.14,approx,,0x129e07c99edc38b9:0x466fee4f9f815c0a,https://www.google.com/maps/place/Moraira/data=!4m2!3m1!1s0x129e07c99edc38b9:0x466fee4f9f815c0a
Segovia,>100,493.1,40.95,-4.12,approx,,0xd413ee6a93332f9:0x54567221bf13dfb7,https://www.google.com/maps/place/Segovia/data=!4m2!3m1!1s0xd413ee6a93332f9:0x54567221bf13dfb7
Alcázar de Segovia,>100,493.2,40.952,-4.132,approx,,0xd413ec76553c59f:0x302ba003ff03db33,https://www.google.com/maps/place/Alc%C3%A1zar+de+Segovia/data=!4m2!3m1!1s0xd413ec76553c59f:0x302ba003ff03db33
Valencia,>100,497.1,39.47,-0.38,approx,,0xd604f4cf0efb06f:0xb4a351011f7f1d39,https://www.google.com/maps/place/Valencia/data=!4m2!3m1!1s0xd604f4cf0efb06f:0xb4a351011f7f1d39
Albarracín,>100,514.0,40.41,-1.44,approx,,0xd5dc420c9d9d5eb:0xa73bb26f5bf55cd8,https://www.google.com/maps/place/Albarrac%C3%ADn/data=!4m2!3m1!1s0xd5dc420c9d9d5eb:0xa73bb26f5bf55cd8
Parque Natural del Alto Tajo,>100,518.7,40.75,-2.1,approx,,0xd5ce3f3f37901ab:0x9ac9b1d7fd1dbaf2,https://www.google.com/maps/place/Parque+Natural+del+Alto+Tajo/data=!4m2!3m1!1s0xd5ce3f3f37901ab:0x9ac9b1d7fd1dbaf2
Sagunto,>100,519.4,39.68,-0.27,approx,,0xd601514205e00e7:0xee405de53b263ab1,https://www.google.com/maps/place/Sagunto/data=!4m2!3m1!1s0xd601514205e00e7:0xee405de53b263ab1
La Vall d'Uixó,>100,532.3,39.82,-0.23,approx,,0xd600dfaf028bd45:0x6dbb5147a85e528e,https://www.google.com/maps/place/La+Vall+d'Uix%C3%B3/data=!4m2!3m1!1s0xd600dfaf028bd45:0x6dbb5147a85e528e
Grau de Castelló,>100,559.3,39.97,0.02,approx,,0x129fff8b281b1089:0x4e07e14b0e3f5582,https://www.google.com/maps/place/Grau+de+Castell%C3%B3/data=!4m2!3m1!1s0x129fff8b281b1089:0x4e07e14b0e3f5582
Valladolid,>100,568.7,41.65,-4.72,approx,,0xd47728c08c66e93:0xb3ff92d41ca26bef,https://www.google.com/maps/place/Valladolid/data=!4m2!3m1!1s0xd47728c08c66e93:0xb3ff92d41ca26bef
Monasterio de Piedra,>100,574.5,41.19,-1.78,approx,,0xd5c7e837e865197:0x240b0d5108faccf7,https://www.google.com/maps/place/Monasterio+de+Piedra/data=!4m2!3m1!1s0xd5c7e837e865197:0x240b0d5108faccf7
Peñaranda de Duero,>100,582.1,41.69,-3.48,approx,,0xd4439c00f0a80f1:0x4e6110876307566c,https://www.google.com/maps/place/Pe%C3%B1aranda+de+Duero/data=!4m2!3m1!1s0xd4439c00f0a80f1:0x4e6110876307566c
Gumiel de Izán,>100,588.0,41.77,-3.69,approx,,0xd44296f424872a1:0xfd5cea759f7f9099,https://www.google.com/maps/place/Gumiel+de+Iz%C3%A1n/data=!4m2!3m1!1s0xd44296f424872a1:0xfd5cea759f7f9099
Castell de Morella,>100,602.8,40.62,-0.1,approx,,0xd5f826921eb2015:0x44dc51618342d7d1,https://www.google.com/maps/place/Castell+de+Morella/data=!4m2!3m1!1s0xd5f826921eb2015:0x44dc51618342d7d1
Peñíscola,>100,612.3,40.36,0.4,approx,,0x12a04690dee24aa5:0x8e35ae3138b79399,https://www.google.com/maps/place/Pe%C3%B1%C3%ADscola/data=!4m2!3m1!1s0x12a04690dee24aa5:0x8e35ae3138b79399
Castell de Peníscola,>100,612.8,40.359,0.408,approx,,0x12a046f0b030d71f:0x80a97cbffe6e464f,https://www.google.com/maps/place/Castell+de+Pen%C3%ADscola/data=!4m2!3m1!1s0x12a046f0b030d71f:0x80a97cbffe6e464f
"La Yecla, Desfiladero",>100,613.2,41.98,-3.53,approx,,0xd45c98ba4d75369:0xe1f6f2becd597abc,"https://www.google.com/maps/place/La+Yecla,+Desfiladero/data=!4m2!3m1!1s0xd45c98ba4d75369:0xe1f6f2becd597abc"
Burgos,>100,650.7,42.34,-3.7,approx,,0xd45fcbe3dc20327:0xa1f5beab8e71aa1,https://www.google.com/maps/place/Burgos/data=!4m2!3m1!1s0xd45fcbe3dc20327:0xa1f5beab8e71aa1
Miravet,>100,677.2,41.04,0.6,approx,,0x12a0d8ab3d960ca5:0xed05dd3c14c92ec1,https://www.google.com/maps/place/Miravet/data=!4m2!3m1!1s0x12a0d8ab3d960ca5:0xed05dd3c14c92ec1
León,>100,678.8,42.6,-5.57,approx,,0xd379a9a0d5e1bd9:0x7d849ffad4f1eef3,https://www.google.com/maps/place/Le%C3%B3n/data=!4m2!3m1!1s0xd379a9a0d5e1bd9:0x7d849ffad4f1eef3
Ourense,>100,701.2,42.34,-7.86,approx,,0xd2ffeb5bc5378eb:0x295326a374bca39c,https://www.google.com/maps/place/Ourense/data=!4m2!3m1!1s0xd2ffeb5bc5378eb:0x295326a374bca39c
Tobera,>100,702.0,42.76,-3.29,approx,,0xd4f6c318034da7b:0xa0071e39b207d6f0,https://www.google.com/maps/place/Tobera/data=!4m2!3m1!1s0xd4f6c318034da7b:0xa0071e39b207d6f0
Frías,>100,702.0,42.76,-3.29,approx,,0xd4f6db41df5b7f7:0x29d8917dcf085b5b,https://www.google.com/maps/place/Fr%C3%ADas/data=!4m2!3m1!1s0xd4f6db41df5b7f7:0x29d8917dcf085b5b
Orbaneja del Castillo,>100,705.0,42.84,-3.79,approx,,0xd48ca51eec0f81d:0x9598ba8c29071bfc,https://www.google.com/maps/place/Orbaneja+del+Castillo/data=!4m2!3m1!1s0xd48ca51eec0f81d:0x9598ba8c29071bfc
Columpio de Riaño,>100,717.2,42.98,-5.0,approx,,0xd48295fd7d4e27f:0x35d8ef64bbb73f0b,https://www.google.com/maps/place/Columpio+de+Ria%C3%B1o/data=!4m2!3m1!1s0xd48295fd7d4e27f:0x35d8ef64bbb73f0b
Bellver Slot,>100,720.8,39.564,2.62,uncertain,,0x12979271143eb477:0xc8d6aed330d9ffa1,https://www.google.com/maps/place/Bellver+Slot/data=!4m2!3m1!1s0x12979271143eb477:0xc8d6aed330d9ffa1
Vitoria-Gasteiz,>100,722.5,42.85,-2.67,approx,,0xd4fc2377d3d8f5b:0x9c6eb78c91ab49c9,https://www.google.com/maps/place/Vitoria-Gasteiz/data=!4m2!3m1!1s0xd4fc2377d3d8f5b:0x9c6eb78c91ab49c9
Puentedey,>100,723.8,43.0,-3.67,approx,,0xd4f2d9460b52513:0xba1cfef46343eac8,https://www.google.com/maps/place/Puentedey/data=!4m2!3m1!1s0xd4f2d9460b52513:0xba1cfef46343eac8
Nacedero del Urederra Baquedano Información,>100,733.6,42.82,-2.05,approx,,0xd506b6ba051b40f:0x7d67e36ca8bed4a3,https://www.google.com/maps/place/Nacedero+del+Urederra+Baquedano+Informaci%C3%B3n/data=!4m2!3m1!1s0xd506b6ba051b40f:0x7d67e36ca8bed4a3
Picos de Europa,>100,741.2,43.2,-4.85,approx,,0xd49c893856535cf:0x7291815fe2dcd950,https://www.google.com/maps/place/Picos+de+Europa/data=!4m2!3m1!1s0xd49c893856535cf:0x7291815fe2dcd950
Cares,>100,746.8,43.25,-4.85,uncertain,,0xd49d38f80861eb1:0x854d817002a2c54a,https://www.google.com/maps/place/Cares/data=!4m2!3m1!1s0xd49d38f80861eb1:0x854d817002a2c54a
Pasarelas del Vero,>100,747.2,42.18,0.06,approx,,0x12a78a369f3823c7:0x988c0e37616c51dd,https://www.google.com/maps/place/Pasarelas+del+Vero/data=!4m2!3m1!1s0x12a78a369f3823c7:0x988c0e37616c51dd
Lagos de Covadonga,>100,749.3,43.27,-4.98,approx,,0xd49d96669b5cac5:0x4b71dff5416bcfd4,https://www.google.com/maps/place/Lagos+de+Covadonga/data=!4m2!3m1!1s0xd49d96669b5cac5:0x4b71dff5416bcfd4
Galicien,>100,752.7,42.8,-8.0,approx,,0xd2e7c868908156b:0xe1ac7930138c9642,https://www.google.com/maps/place/Galicien/data=!4m2!3m1!1s0xd2e7c868908156b:0xe1ac7930138c9642
Covadonga,>100,754.0,43.31,-5.06,approx,,0xd49df5f8662f05f:0x1c9adf9d5f25fbf9,https://www.google.com/maps/place/Covadonga/data=!4m2!3m1!1s0xd49df5f8662f05f:0x1c9adf9d5f25fbf9
Cangas de Onís,>100,758.8,43.35,-5.13,approx,,0xd3621eb49188c77:0xcc1c6775b6dbdd77,https://www.google.com/maps/place/Cangas+de+On%C3%ADs/data=!4m2!3m1!1s0xd3621eb49188c77:0xcc1c6775b6dbdd77
Lugo,>100,761.2,43.01,-7.56,approx,,0xd31ce80b130876d:0x1f305fbf2867050c,https://www.google.com/maps/place/Lugo/data=!4m2!3m1!1s0xd31ce80b130876d:0x1f305fbf2867050c
Bilbao,>100,762.1,43.26,-2.93,approx,,0xd4e4e27664b89b9:0x6534acc41e95a645,https://www.google.com/maps/place/Bilbao/data=!4m2!3m1!1s0xd4e4e27664b89b9:0x6534acc41e95a645
Llanes,>100,765.5,43.42,-4.75,approx,,0xd49eae3140a6429:0x50b0567bd4b9b8ef,https://www.google.com/maps/place/Llanes/data=!4m2!3m1!1s0xd49eae3140a6429:0x50b0567bd4b9b8ef
Oviedo,>100,765.5,43.36,-5.85,approx,,0xd368d6a8d3fdef1:0x30872b60589f7d3e,https://www.google.com/maps/place/Oviedo/data=!4m2!3m1!1s0xd368d6a8d3fdef1:0x30872b60589f7d3e
Sitges,>100,766.0,41.24,1.81,approx,,0x12a3804720b208fb:0x7061f1fb2907c8f9,https://www.google.com/maps/place/Sitges/data=!4m2!3m1!1s0x12a3804720b208fb:0x7061f1fb2907c8f9
Cascada de Orós Bajo,>100,767.7,42.55,-0.26,approx,,0xd578bcb90941913:0x9e5d0964ef6d071b,https://www.google.com/maps/place/Cascada+de+Or%C3%B3s+Bajo/data=!4m2!3m1!1s0xd578bcb90941913:0x9e5d0964ef6d071b
Ribadesella,>100,770.7,43.46,-5.06,approx,,0xd49e2085a5c32fd:0xa724cb5a2c67d6ad,https://www.google.com/maps/place/Ribadesella/data=!4m2!3m1!1s0xd49e2085a5c32fd:0xa724cb5a2c67d6ad
Aínsa,>100,773.0,42.42,0.14,approx,,0x12a7fac837fb6415:0xa85fba784ddee6c0,https://www.google.com/maps/place/A%C3%ADnsa/data=!4m2!3m1!1s0x12a7fac837fb6415:0xa85fba784ddee6c0
Llastres,>100,778.3,43.52,-5.27,approx,,0xd3611d5b3480d9d:0x31516d57eab7f1ff,https://www.google.com/maps/place/Llastres/data=!4m2!3m1!1s0xd3611d5b3480d9d:0x31516d57eab7f1ff
Zumaia,>100,779.2,43.296,-2.255,approx,,0xd51cf7a6eaa626d:0x92e5ef88999021a,https://www.google.com/maps/place/Zumaia/data=!4m2!3m1!1s0xd51cf7a6eaa626d:0x92e5ef88999021a
Mirador de Calcilarruego,>100,782.3,42.53,0.12,uncertain,,0xd57fd404880de31:0xf9a734601690e4fd,https://www.google.com/maps/place/Mirador+de+Calcilarruego/data=!4m2!3m1!1s0xd57fd404880de31:0xf9a734601690e4fd
Pasarelas de Panticosa,>100,783.1,42.72,-0.28,approx,,0xd57ed3447301567:0x31401f90f0472dda,https://www.google.com/maps/place/Pasarelas+de+Panticosa/data=!4m2!3m1!1s0xd57ed3447301567:0x31401f90f0472dda
Gaztelugatxeko Doniene,>100,784.9,43.447,-2.785,approx,,0xd4e4003bc3c8e2b:0x6276bcd78005e847,https://www.google.com/maps/place/Gaztelugatxeko+Doniene/data=!4m2!3m1!1s0xd4e4003bc3c8e2b:0x6276bcd78005e847
Cudillero,>100,791.2,43.56,-6.15,approx,,0xd36a151c3473fe1:0x677ebf3e1f34a27f,https://www.google.com/maps/place/Cudillero/data=!4m2!3m1!1s0xd36a151c3473fe1:0x677ebf3e1f34a27f
Cascada del Cinca,>100,792.6,42.65,0.1,approx,,0x12a8031e9ff4ec25:0x9ee16b261aae6ad3,https://www.google.com/maps/place/Cascada+del+Cinca/data=!4m2!3m1!1s0x12a8031e9ff4ec25:0x9ee16b261aae6ad3
Hondarribia,>100,798.3,43.37,-1.79,approx,,0xd5109a6d2d4a78b:0x549173689d409e55,https://www.google.com/maps/place/Hondarribia/data=!4m2!3m1!1s0xd5109a6d2d4a78b:0x549173689d409e55
A Coruña,>100,823.1,43.36,-8.41,approx,,0xd2e7cfcf174574d:0x6a47350d095cdfee,https://www.google.com/maps/place/A+Coru%C3%B1a/data=!4m2!3m1!1s0xd2e7cfcf174574d:0x6a47350d095cdfee
Bigues i Riells,>100,824.6,41.68,2.23,approx,,0x12a4c39597dda91b:0xb2011362f2ffd8e6,https://www.google.com/maps/place/Bigues+i+Riells/data=!4m2!3m1!1s0x12a4c39597dda91b:0xb2011362f2ffd8e6
Estany de Sant Maurici,>100,828.6,42.58,1.0,approx,,0x12a8a7204a5b9533:0x6b48c69ef15d14f4,https://www.google.com/maps/place/Estany+de+Sant+Maurici/data=!4m2!3m1!1s0x12a8a7204a5b9533:0x6b48c69ef15d14f4
Costa del Maresme,>100,829.0,41.55,2.45,approx,,0x12a4b54cee6381a5:0x3724601f193daa97,https://www.google.com/maps/place/Costa+del+Maresme/data=!4m2!3m1!1s0x12a4b54cee6381a5:0x3724601f193daa97
Salt de Sallent,>100,856.4,41.99,2.37,approx,,0x12a5a8aa83914d53:0x7cef8eec4290fbe6,https://www.google.com/maps/place/Salt+de+Sallent/data=!4m2!3m1!1s0x12a5a8aa83914d53:0x7cef8eec4290fbe6
Morro de l'Abella,>100,856.7,41.97,2.4,uncertain,,0x12a52c1839d3f7cb:0xf43fa45f2efb53f3,https://www.google.com/maps/place/Morro+de+l'Abella/data=!4m2!3m1!1s0x12a52c1839d3f7cb:0xf43fa45f2efb53f3
Salt de la Coromina,>100,867.0,42.05,2.47,uncertain,,0x12a533e44f1ba733:0x754e5ce54a5df92c,https://www.google.com/maps/place/Salt+de+la+Coromina/data=!4m2!3m1!1s0x12a533e44f1ba733:0x754e5ce54a5df92c
Tossa de Mar,>100,871.9,41.72,2.93,approx,,0x12bb1aa7ac11aaa1:0xa2614f4aec8334cd,https://www.google.com/maps/place/Tossa+de+Mar/data=!4m2!3m1!1s0x12bb1aa7ac11aaa1:0xa2614f4aec8334cd
Girona,>100,883.4,41.98,2.82,approx,,0x12bae72798c8fdab:0xaf3845b6a5296a6f,https://www.google.com/maps/place/Girona/data=!4m2!3m1!1s0x12bae72798c8fdab:0xaf3845b6a5296a6f
Calella de Palafrugell,>100,899.9,41.89,3.18,approx,,0x12ba5344a739a717:0xa00fae29cc98f40,https://www.google.com/maps/place/Calella+de+Palafrugell/data=!4m2!3m1!1s0x12ba5344a739a717:0xa00fae29cc98f40
Costa Brava,>100,901.8,41.9,3.2,approx,,0x12baf8e36f90d6c5:0xbee52c2ae6bcadca,https://www.google.com/maps/place/Costa+Brava/data=!4m2!3m1!1s0x12baf8e36f90d6c5:0xbee52c2ae6bcadca
Pals,>100,903.5,41.97,3.15,approx,,0x12ba568e039889f7:0xc575202ab7620f4f,https://www.google.com/maps/place/Pals/data=!4m2!3m1!1s0x12ba568e039889f7:0xc575202ab7620f4f
Begur,>100,906.0,41.95,3.21,approx,,0x12ba53d81794d96f:0x1fb9238b71186c25,https://www.google.com/maps/place/Begur/data=!4m2!3m1!1s0x12ba53d81794d96f:0x1fb9238b71186c25
Roca Foradada,,,,,unknown,Costa Brava (inferred),0x12bad570fa9b3d05:0x43f1951d13ac61a1,https://www.google.com/maps/place/Roca+Foradada/data=!4m2!3m1!1s0x12bad570fa9b3d05:0x43f1951d13ac61a1
Cueva de los Arcos,,,,,unknown,Costa Blanca (inferred),0x129e08930d09f72f:0xea52f7d4b5f87e9,https://www.google.com/maps/place/Cueva+de+los+Arcos/data=!4m2!3m1!1s0x129e08930d09f72f:0xea52f7d4b5f87e9
Miradouro da Serpente do Medal,,,,,unknown,Galicia (inferred),0xd3b8f4f1ffed047:0xcc6458ad6859be97,https://www.google.com/maps/place/Miradouro+da+Serpente+do+Medal/data=!4m2!3m1!1s0xd3b8f4f1ffed047:0xcc6458ad6859be97
Sendero al charco Esteban (SL-A 195),,,,,unknown,Serranía de Ronda / Genal (inferred from Maps feature ID),0xd0d29e2bdabe4cd:0x1fb6e1909c4d6e36,https://www.google.com/maps/place/Sendero+al+charco+Esteban+(SL-A+195)/data=!4m2!3m1!1s0xd0d29e2bdabe4cd:0x1fb6e1909c4d6e36
Charco cuadrado,,,,,unknown,Serranía de Ronda / Genal (inferred from Maps feature ID),0xd0d29f3f95d3c47:0x166d034aeb11ac3c,https://www.google.com/maps/place/Charco+cuadrado/data=!4m2!3m1!1s0xd0d29f3f95d3c47:0x166d034aeb11ac3c
Charco del Mirlo,,,,,unknown,Serranía de Ronda / Genal (inferred from Maps feature ID),0xd0d29d12d3f9dd1:0x94724625355a0863,https://www.google.com/maps/place/Charco+del+Mirlo/data=!4m2!3m1!1s0xd0d29d12d3f9dd1:0x94724625355a0863
Charco Azul,,,,,unknown,Serranía de Ronda / Genal (inferred from Maps feature ID),0xd0d2900045f657b:0xdc1f9787f7cf856c,https://www.google.com/maps/place/Charco+Azul/data=!4m2!3m1!1s0xd0d2900045f657b:0xdc1f9787f7cf856c
Charco Encantado,,,,,unknown,Serranía de Ronda / Genal (inferred from Maps feature ID),0xd0d291e52186fa7:0x19fceeadbe472816,https://www.google.com/maps/place/Charco+Encantado/data=!4m2!3m1!1s0xd0d291e52186fa7:0x19fceeadbe472816
Waterfall Ardones,,,,,unknown,Pyrenees (inferred),0x12a87e534a341671:0xb0a06ca70a7bbb09,https://www.google.com/maps/place/Waterfall+Ardones/data=!4m2!3m1!1s0x12a87e534a341671:0xb0a06ca70a7bbb09
The Chalet,,,,,unknown,outside Spain? (inferred),0x8c03352cc0f3712d:0x5224919ce8bed13c,https://www.google.com/maps/place/The+Chalet/data=!4m2!3m1!1s0x8c03352cc0f3712d:0x5224919ce8bed13c
Charco de las Pepas,,,,,unknown,Serranía de Ronda / Genal (inferred from Maps feature ID),0xd0d2100668d63bf:0x9c280a4fe11ff687,https://www.google.com/maps/place/Charco+de+las+Pepas/data=!4m2!3m1!1s0xd0d2100668d63bf:0x9c280a4fe11ff687
Entornos de formación,,,,,unknown,Valencia (inferred),0xd604f4a6af1c2fb:0x32aeaf57cace486c,https://www.google.com/maps/place/Entornos+de+formaci%C3%B3n/data=!4m2!3m1!1s0xd604f4a6af1c2fb:0x32aeaf57cace486c
Charca de la Ermita,,,,,unknown,Extremadura (inferred),0xd169bcaa49330dd:0x86003de4f0b6fde5,https://www.google.com/maps/place/Charca+de+la+Ermita/data=!4m2!3m1!1s0xd169bcaa49330dd:0x86003de4f0b6fde5
Almazara El Toro,,,,,unknown,Ronda area (inferred from Maps feature ID),0xd0d35a85e40419d:0x4dcf9d0a47e656a0,https://www.google.com/maps/place/Almazara+El+Toro/data=!4m2!3m1!1s0xd0d35a85e40419d:0x4dcf9d0a47e656a0
El Coto Las Canteras,,,,,unknown,Osuna area (inferred),0xd12ab0852cbe4a3:0xdefef049ec9697ad,https://www.google.com/maps/place/El+Coto+Las+Canteras/data=!4m2!3m1!1s0xd12ab0852cbe4a3:0xdefef049ec9697ad
Chorreras del Molinillo,,,,,unknown,Granada / Sierra Nevada (inferred),0xd71c33b23b030dd:0x3a86002e478f9dfb,https://www.google.com/maps/place/Chorreras+del+Molinillo/data=!4m2!3m1!1s0xd71c33b23b030dd:0x3a86002e478f9dfb
Pasarelas De Valloré,,,,,unknown,Teruel/Castellón interior (inferred),0xd5f01ae26e639a5:0x1475e4cf7043b967,https://www.google.com/maps/place/Pasarelas+De+Vallor%C3%A9/data=!4m2!3m1!1s0xd5f01ae26e639a5:0x1475e4cf7043b967
Fuente del Gorgotón,,,,,unknown,Murcia/Alicante (inferred),0xd64419e8c5ef213:0x32a40a86cf27d747,https://www.google.com/maps/place/Fuente+del+Gorgot%C3%B3n/data=!4m2!3m1!1s0xd64419e8c5ef213:0x32a40a86cf27d747
